Date,close,pred_up,position,strategy_ret,buy_hold_ret,strategy_cum,buy_hold_cum
2023-10-27,511.3460693359375,0,0,0.0,0.0,1.0,1.0
2023-10-30,510.38677978515625,0,0,-0.0,-0.0018760084574953595,1.0,0.9981239915425046
2023-10-31,507.508544921875,0,0,-0.0,-0.005639320956731697,1.0,0.9924952499995823
2023-11-01,506.54925537109375,0,0,-0.0,-0.0018901938900928172,1.0,0.9906192415420869
2023-11-02,524.7772827148438,0,0,0.0,0.03598470859540859,1.0,1.0262663862779835
2023-11-03,526.6959228515625,0,0,0.0,0.0036561036460895924,1.0,1.0300185225547136
2023-11-06,527.6553955078125,0,0,0.0,0.001821682330585217,1.0,1.031894889097427
2023-11-07,532.4522705078125,0,0,0.0,0.009090923812848484,1.0,1.0412757669170796
2023-11-08,533.4116821289062,0,0,0.0,0.0018018734715483653,1.0,1.0431520140980537
2023-11-09,534.37109375,0,0,0.0,0.0017986325632477485,1.0,1.045028261279028
2023-11-10,534.37109375,0,0,0.0,0.0,1.0,1.045028261279028
2023-11-13,547.80224609375,0,0,0.0,0.025134503907192407,1.0,1.0712945281952722
2023-11-14,548.76171875,0,0,0.0,0.001751494564127487,1.0,1.0731708947379857
2023-11-15,557.39599609375,0,0,0.0,0.01573411017703208,1.0,1.0900562838345773
2023-11-16,559.3147583007812,0,0,0.0,0.003442368119753292,1.0,1.0938086588347862
2023-11-17,556.4365234375,0,0,-0.0,-0.005146001997203609,1.0,1.0881799172918638
2023-11-20,553.5584716796875,0,0,-0.0,-0.005172291243631388,1.0,1.0825515338341596
2023-11-21,561.2335205078125,0,0,0.0,0.013864928857174386,1.0,1.0975610338349953
2023-11-22,553.5584716796875,0,0,-0.0,-0.013675321497512272,1.0,1.0825515338341598
2023-11-23,554.517822265625,0,0,0.0,0.0017330609773282823,1.0,1.0844276616533948
2023-11-24,551.6397094726562,0,0,-0.0,-0.0051902980885437655,1.0,1.0787991588339512
2023-11-27,544.9241333007812,0,0,-0.0,-0.012173844733358252,1.0,1.0656660253758292
2023-11-28,551.6397094726562,0,0,0.0,0.012323873657781759,1.0,1.0787991588339514
2023-11-29,550.680419921875,0,0,-0.0,-0.0017389784207128,1.0,1.076923150376456
2023-11-30,553.5584716796875,0,0,0.0,0.005226355711395847,1.0,1.0825515338341605
2023-12-01,555.4772338867188,0,0,0.0,0.003466232214293541,1.0,1.0863039088343693
2023-12-04,550.680419921875,0,0,-0.0,-0.008635482558448038,1.0,1.0769231503764563
2023-12-05,546.8428955078125,0,0,-0.0,-0.0069686959536475745,1.0,1.0694184003760385
2023-12-06,546.8428955078125,0,0,0.0,0.0,1.0,1.0694184003760385
2023-12-07,543.00537109375,0,0,-0.0,-0.007017599470683256,1.0,1.0619136503756208
2023-12-08,546.8428955078125,0,0,0.0,0.007067194209023686,1.0,1.0694184003760385
2023-12-11,550.680419921875,0,0,0.0,0.007017599470683145,1.0,1.0769231503764563
2023-12-12,554.517822265625,0,0,0.0,0.006968474281860981,1.0,1.0844276616533952
2023-12-13,553.5584716796875,0,0,-0.0,-0.0017300626732209556,1.0,1.0825515338341605
2023-12-14,561.2736206054688,0,0,0.0,0.01393736943880719,1.0,1.0976394544977546
2023-12-15,564.1668090820312,0,0,0.0,0.0051546845786936135,1.0,1.1032974396668198
2023-12-18,564.1668090820312,0,0,0.0,0.0,1.0,1.1032974396668198
2023-12-19,564.1668090820312,0,0,0.0,0.0,1.0,1.1032974396668198
2023-12-20,564.1668090820312,0,0,0.0,0.0,1.0,1.1032974396668198
2023-12-21,556.45166015625,0,0,-0.0,-0.013675297450296164,1.0,1.088209519003226
2023-12-22,561.2736206054688,0,0,0.0,0.008665551375774072,1.0,1.0976394544977548
2023-12-25,560.3092041015625,0,0,-0.0,-0.0017182644409082792,1.0,1.0957534196541534
2023-12-26,565.1311645507812,0,0,0.0,0.008605891914537755,1.0,1.1051833551486823
2023-12-27,570.91748046875,0,0,0.0,0.010238890156709424,1.0,1.1164992061250731
2023-12-28,571.8817749023438,0,0,0.0,0.0016890259390938134,1.0,1.118385002245196
2023-12-29,571.8817749023438,0,0,0.0,0.0,1.0,1.118385002245196
2024-01-02,571.8817749023438,0,0,0.0,0.0,1.0,1.118385002245196
2024-01-03,557.416015625,0,0,-0.0,-0.025295017103515782,1.0,1.0900954344850882
2024-01-04,559.3447265625,0,0,0.0,0.0034600924326464444,1.0,1.0938672654488124
2024-01-05,555.4872436523438,0,0,-0.0,-0.006896432069472991,1.0,1.0863234841596245
2024-01-08,562.238037109375,0,0,0.0,0.012152922563342106,1.0,1.0995254893413564
2024-01-09,565.1311645507812,0,0,0.0,0.005145734102731003,1.0,1.1051833551486823
2024-01-10,563.202392578125,0,0,-0.0,-0.003412963385569845,1.0,1.1014114048232186
2024-01-11,565.1311645507812,0,0,0.0,0.003424651596075634,1.0,1.1051833551486825
2024-01-12,563.202392578125,0,0,-0.0,-0.003412963385569845,1.0,1.1014114048232189
2024-01-15,565.1311645507812,0,0,0.0,0.003424651596075634,1.0,1.1051833551486827
2024-01-16,559.3447265625,0,0,-0.0,-0.010239106160214728,1.0,1.093867265448813
2024-01-17,560.3092041015625,0,0,0.0,0.0017242989756778293,1.0,1.095753419654154
2024-01-18,567.0598754882812,0,0,0.0,0.012048117962907945,1.0,1.1089551861124072
2024-01-19,603.7066040039062,1,0,0.0,0.06462585363506701,1.0,1.180622361657956
2024-01-22,603.7066040039062,0,1,0.0,0.0,1.0,1.180622361657956
2024-01-23,605.6353759765625,0,0,0.0,0.0031948830108272652,1.0,1.18439431198342
2024-01-24,604.6709594726562,0,0,-0.0,-0.0015924045096460393,1.0,1.1825082771398183
2024-01-25,619.1368408203125,0,0,0.0,0.023923558955555313,1.0,1.210798083623405
2024-01-26,621.0656127929688,0,0,0.0,0.0031152595767047764,1.0,1.2145700339488685
2024-01-29,624.9232177734375,0,0,0.0,0.006211268022263905,1.0,1.2221140539615352
2024-01-30,619.1368408203125,0,0,-0.0,-0.009259340649466541,1.0,1.2107980836234047
2024-01-31,605.6353759765625,0,0,-0.0,-0.021806915617977984,1.0,1.1843943119834197
2024-02-01,605.6353759765625,0,0,0.0,0.0,1.0,1.1843943119834197
2024-02-02,612.3861083984375,0,0,0.0,0.011146529231370828,1.0,1.1975961978034122
2024-02-05,622.9943237304688,0,0,0.0,0.017322756324069433,1.0,1.2183418649125928
2024-02-15,672.1781616210938,1,0,0.0,0.07894748959527242,1.0,1.3145268966162644
2024-02-16,658.6766357421875,0,1,-0.020086231076511862,-0.020086231076511862,0.9799137689234881,1.28812300561454
2024-02-19,653.8548583984375,0,0,-0.0,-0.007320401365560669,0.9799137689234881,1.2786934282052294
2024-02-20,662.5343017578125,0,0,0.0,0.013274266066684248,0.9799137689234881,1.295667144988946
2024-02-21,656.7478637695312,0,0,-0.0,-0.008733793817058078,0.9799137689234881,1.2843510552890762
2024-02-22,667.3562622070312,0,0,0.0,0.016152924162723625,0.9799137689234881,1.3050970804834747
2024-02-23,672.1781616210938,0,0,0.0,0.007225375241278087,0.9799137689234881,1.3145268966162644
2024-02-26,673.1425170898438,0,0,0.0,0.0014346724184317594,0.9799137689234881,1.3164128120981264
2024-02-27,673.1425170898438,0,0,0.0,0.0,0.9799137689234881,1.3164128120981264
2024-02-29,665.4275512695312,0,0,-0.0,-0.011461118001676929,0.9799137689234881,1.3013252495197505
2024-03-01,664.4630737304688,0,0,-0.0,-0.0014494102885016513,0.9799137689234881,1.2994390953144095
2024-03-04,699.1810302734375,0,0,0.0,0.05224964022161993,0.9799137689234881,1.3673343205344948
2024-03-05,704.0029296875,0,0,0.0,0.006896496336830982,0.9799137689234881,1.3767641366672843
2024-03-06,708.8248901367188,0,0,0.0,0.006849347134619377,0.9799137689234881,1.3861940721618131
2024-03-07,732.9345092773438,0,0,0.0,0.03401350527628155,0.9799137689234881,1.433343391549239
2024-03-08,756.0799560546875,0,0,0.0,0.03157914722853561,0.9799137689234881,1.4786071535400211
2024-03-11,738.7210083007812,0,0,-0.0,-0.022959142898705154,0.9799137689234881,1.444659600610848
2024-03-12,742.5784301757812,0,0,0.0,0.005221757377487979,0.9799137689234881,1.4522032625382966
2024-03-13,751.2579345703125,0,0,0.0,0.011688333571009624,0.9799137689234881,1.4691770986837527
2024-03-14,756.0799560546875,0,0,0.0,0.00641859641340492,0.9799137689234881,1.478607153540021
2024-03-15,726.183837890625,0,0,-0.0,-0.03954094791781537,0.9799137689234881,1.4201416250909857
2024-03-18,740.2325439453125,0,0,0.0,0.019345936003609454,0.9799137689234881,1.4476155940860578
2024-03-19,738.2947998046875,0,0,-0.0,-0.002617750538631003,0.9799137689234881,1.4438260975849084
2024-03-20,734.4193115234375,0,0,-0.0,-0.005249242284078415,0.9799137689234881,1.4362471045826097
2024-03-21,759.6104125976562,0,0,0.0,0.03430070625725201,0.9799137689234881,1.4855113946297265
2024-03-22,760.5792236328125,0,0,0.0,0.001275405153864595,0.9799137689234881,1.4874060235185618
2024-03-25,755.73486328125,0,0,-0.0,-0.006369304079099081,0.9799137689234881,1.4779322822656884
2024-03-26,757.672607421875,0,0,0.0,0.002564052864005406,0.9799137689234881,1.4817217787668377
2024-03-27,754.7659301757812,0,0,-0.0,-0.0038363235223513037,0.9799137689234881,1.4760374146533743
2024-03-28,745.0770263671875,0,0,-0.0,-0.012836964973150344,0.9799137689234881,1.4570895740624097
2024-03-29,751.8592529296875,0,0,0.0,0.009102718675367605,0.9799137689234881,1.470353050539911
2024-04-01,746.0458984375,0,0,-0.0,-0.007731971734783127,0.9799137689234881,1.4589843223129841
2024-04-02,765.4237670898438,0,0,0.0,0.025974097160681664,0.9799137689234881,1.4968801228566528
2024-04-03,755.73486328125,0,0,-0.0,-0.012658221791872482,0.9799137689234881,1.477932282265688
2024-04-08,758.6415405273438,0,0,0.0,0.003846160058665893,0.9799137689234881,1.4836166463791511
2024-04-09,793.521484375,0,0,0.0,0.045976844114561155,0.9799137689234881,1.5518286576554934
2024-04-10,789.64599609375,0,0,-0.0,-0.004883910968462857,0.9799137689234881,1.5442496646531947
2024-04-11,794.4904174804688,0,0,0.0,0.006134928069898793,0.9799137689234881,1.5537235252678074
2024-04-12,792.5526733398438,0,0,-0.0,-0.0024389773595634434,0.9799137689234881,1.549934028766658
2024-04-15,780.9259643554688,0,0,-0.0,-0.01466995112814351,0.9799137689234881,1.5271965723128047
2024-04-16,763.4859619140625,0,0,-0.0,-0.022332465864161932,0.9799137689234881,1.4930905069937639
2024-04-17,778.9882202148438,0,0,0.0,0.020304575426530524,0.9799137689234881,1.5234070758116556
2024-04-18,778.9882202148438,0,0,0.0,0.0,0.9799137689234881,1.5234070758116556
2024-04-19,726.6680908203125,0,0,-0.0,-0.06716421126381278,0.9799137689234881,1.4210886411310544
2024-04-22,718.9170532226562,0,0,-0.0,-0.010666544596593441,0.9799137689234881,1.4059305357647176
2024-04-23,730.543701171875,0,0,0.0,0.016172447011933544,0.9799137689234881,1.4286678728568318
2024-04-24,758.6415405273438,0,0,0.0,0.038461544888275245,0.9799137689234881,1.4836166463791516
2024-04-25,742.1702880859375,0,0,-0.0,-0.02171150874490324,0.9799137689234881,1.4514050905872067
2024-04-26,757.672607421875,0,0,0.0,0.02088781993135047,0.9799137689234881,1.4817217787668377
2024-04-29,770.2682495117188,0,0,0.0,0.016624122300927358,0.9799137689234881,1.5063541028330052
2024-04-30,765.4237670898438,0,0,-0.0,-0.006289344556193233,0.9799137689234881,1.496880122856653
2024-05-02,747.983642578125,0,0,-0.0,-0.0227849268099245,0.9799137689234881,1.4627738188141335
2024-05-03,755.73486328125,0,0,0.0,0.010362821139254352,0.9799137689234881,1.4779322822656884
2024-05-06,761.5482177734375,0,0,0.0,0.007692320117332008,0.9799137689234881,1.4893010104926152
2024-05-07,775.1126098632812,0,0,0.0,0.01781159980848268,0.9799137689234881,1.5158278440858786
2024-05-08,777.0504760742188,0,0,0.0,0.002500109256743155,0.9799137689234881,1.5196175793105067
2024-05-09,771.2371215820312,0,0,-0.0,-0.0074813087066846196,0.9799137689234881,1.5082488510835799
2024-05-10,777.0504760742188,0,0,0.0,0.007537700571599304,0.9799137689234881,1.5196175793105064
2024-05-13,793.521484375,0,0,0.0,0.0211968318763478,0.9799137689234881,1.5518286576554938
2024-05-14,799.3348388671875,0,0,0.0,0.007326020286352097,0.9799137689234881,1.5631973858824204
2024-05-15,812.8994140625,0,0,0.0,0.016969828582144686,0.9799137689234881,1.5897245775609017
2024-05-16,814.8372192382812,0,0,0.0,0.0023838191321814417,0.9799137689234881,1.5935141934237904
2024-05-17,809.02392578125,0,0,-0.0,-0.007134300348314415,0.9799137689234881,1.5821455845586032
2024-05-20,809.02392578125,0,0,0.0,0.0,0.9799137689234881,1.5821455845586032
2024-05-21,814.8372192382812,0,0,0.0,0.007185564322362392,0.9799137689234881,1.5935141934237906
2024-05-22,837.1217651367188,0,0,0.0,0.027348463438218173,0.9799137689234881,1.637094358080923
2024-05-23,847.7794189453125,0,0,0.0,0.012731306546369892,0.9799137689234881,1.6579367081989838
2024-05-24,840.0282592773438,0,0,-0.0,-0.009142896719068316,0.9799137689234881,1.6427783641091684
2024-05-27,841.9661254882812,0,0,0.0,0.0023069059755258525,0.9799137689234881,1.6465680993337966
2024-05-28,838.090576171875,0,0,-0.0,-0.00460297534435683,0.9799137689234881,1.6389889869697587
2024-05-29,830.33935546875,0,0,-0.0,-0.00924866705759897,0.9799137689234881,1.623830523518204
2024-05-30,811.9304809570312,0,0,-0.0,-0.02217030228722139,0.9799137689234881,1.5878297099485885
2024-05-31,795.4593505859375,0,0,-0.0,-0.020286380124169057,0.9799137689234881,1.5556183928801224
2024-06-03,819.681640625,0,0,0.0,0.030450694961622338,0.9799137689234881,1.602988054038404
2024-06-04,812.8994140625,0,0,-0.0,-0.008274220412364697,0.9799137689234881,1.5897245775609028
2024-06-05,827.432861328125,0,0,0.0,0.017878530866437092,0.9799137689234881,1.618146517489959
2024-06-06,866.1884155273438,0,0,0.0,0.046838306780578653,0.9799137689234881,1.6939377604920787
2024-06-07,851.6550903320312,0,0,-0.0,-0.01677848021837658,0.9799137689234881,1.6655160592865013
2024-06-11,855.5307006835938,0,0,0.0,0.004550680663520268,0.9799137689234881,1.6730952910122787
2024-06-12,880.7217407226562,0,0,0.0,0.029444928181927565,0.9799137689234881,1.7223594616976565
2024-06-13,893.8521118164062,0,0,0.0,0.014908648766835508,0.9799137689234881,1.7480375139623427
2024-06-14,896.7700805664062,0,0,0.0,0.0032644871689908594,0.9799137689234881,1.7537439599975875
2024-06-17,895.79736328125,0,0,-0.0,-0.001084689717281706,0.9799137689234881,1.7518416919574331
2024-06-18,917.1953735351562,0,0,0.0,0.02388711011107092,0.9799137689234881,1.793688127350385
2024-06-19,954.155517578125,0,0,0.0,0.0402969150405903,0.9799137689234881,1.8659682254275392
2024-06-20,954.155517578125,0,0,0.0,0.0,0.9799137689234881,1.8659682254275392
2024-06-21,943.45654296875,0,0,-0.0,-0.011213030174086924,0.9799137689234881,1.8450450674119327
2024-06-24,914.2774658203125,0,0,-0.0,-0.03092784438869911,0.9799137689234881,1.7879818006768797
2024-06-25,919.1406860351562,0,0,0.0,0.005319195098481888,0.9799137689234881,1.797492424707215
2024-06-26,933.730224609375,0,0,0.0,0.015873020089180123,0.9799137689234881,1.8260240580747418
2024-06-27,933.730224609375,0,0,0.0,0.0,0.9799137689234881,1.8260240580747418
2024-06-28,939.5659790039062,0,0,0.0,0.006249936267161749,0.9799137689234881,1.8374365920600129
2024-07-01,941.51123046875,0,0,0.0,0.002070372393544906,0.9799137689234881,1.8412407700551032
2024-07-02,933.730224609375,0,0,-0.0,-0.008264379231569086,0.9799137689234881,1.8260240580747416
2024-07-03,952.2103271484375,0,0,0.0,0.01979169363055977,0.9799137689234881,1.8621641667941884
2024-07-04,977.498779296875,0,0,0.0,0.02655763272823153,0.9799137689234881,1.9116188388155817
2024-07-05,977.498779296875,0,0,0.0,0.0,0.9799137689234881,1.9116188388155817
2024-07-08,1006.6779174804688,0,0,0.0,0.029850818028215542,0.9799137689234881,1.9686822249123743
2024-07-09,1011.5411376953125,0,0,0.0,0.004830959466177065,0.9799137689234881,1.9781928489427092
2024-07-10,1016.404296875,0,0,0.0,0.004807673161733916,0.9799137689234881,1.987703353611305
2024-07-11,1050.4464111328125,0,0,0.0,0.03349269022423185,0.9799137689234881,2.054276886291475
2024-07-12,1011.5411376953125,0,0,-0.0,-0.037036895004995185,0.9799137689234881,1.9781928489427092
2024-07-15,1011.5411376953125,0,0,0.0,0.0,0.9799137689234881,1.9781928489427092
2024-07-16,1026.130615234375,0,0,0.0,0.014423019485201527,0.9799137689234881,2.0067243629484963
2024-07-17,1001.814697265625,0,0,-0.0,-0.02369670839924809,0.9799137689234881,1.959171600882039
2024-07-18,977.498779296875,0,0,-0.0,-0.024271871869237294,0.9799137689234881,1.9116188388155817
2024-07-19,943.45654296875,0,0,-0.0,-0.034825860706048095,0.9799137689234881,1.8450450674119327
2024-07-22,913.3048095703125,0,0,-0.0,-0.03195879409936553,0.9799137689234881,1.7860796519984647
2024-07-23,952.2103271484375,0,0,0.0,0.04259861239144147,0.9799137689234881,1.862164166794188
2024-07-26,898.71533203125,0,0,-0.0,-0.05617980985082127,0.9799137689234881,1.7575481379926774
2024-07-29,918.1680297851562,0,0,0.0,0.02164500488707577,0.9799137689234881,1.7955902760287998
2024-07-30,914.2774658203125,0,0,-0.0,-0.004237311514488362,0.9799137689234881,1.7879818006768797
2024-07-31,908.441650390625,0,0,-0.0,-0.006382980711934549,0.9799137689234881,1.7765691473298693
2024-08-01,933.730224609375,0,0,0.0,0.027837312619777066,0.9799137689234881,1.8260240580747416
2024-08-02,878.2900390625,0,0,-0.0,-0.05937495015765215,0.9799137689234881,1.71760397063988
2024-08-05,792.697998046875,0,0,-0.0,-0.09745304763673202,0.9799137689234881,1.5502182290680717
2024-08-06,855.9193115234375,1,0,0.0,0.07975460217173902,0.9799137689234881,1.6738552672067735
2024-08-07,894.8248291015625,0,1,0.045454655660096766,0.045454655660096766,1.024455411866493,1.7499397820024967
2024-08-08,871.4815063476562,0,0,-0.0,-0.026087030662016675,1.024455411866493,1.7042890492527147
2024-08-09,908.441650390625,0,0,0.0,0.042410703811567085,1.024455411866493,1.7765691473298688
2024-08-12,914.2774658203125,0,0,0.0,0.006423984883539902,1.024455411866493,1.7879818006768793
2024-08-13,915.2501220703125,0,0,0.0,0.001063852371257168,1.024455411866493,1.789883949355294
2024-08-14,922.0585327148438,0,0,0.0,0.0074388524845323545,1.024455411866493,1.8031986320189803
2024-08-15,917.1953735351562,0,0,-0.0,-0.005274241284193515,1.024455411866493,1.7936881273503846
2024-08-16,942.48388671875,0,0,0.0,0.02757156644404346,1.024455411866493,1.8431429187335175
2024-08-19,946.37451171875,0,0,0.0,0.004128054659422453,1.024455411866493,1.850751513447177
2024-08-20,946.37451171875,0,0,0.0,0.0,1.024455411866493,1.850751513447177
2024-08-21,931.784912109375,0,0,-0.0,-0.015416306577063499,1.024455411866493,1.8222197607179111
2024-08-22,924.9764404296875,0,0,-0.0,-0.007306913420903616,1.024455411866493,1.8089049586924857
2024-08-23,923.0311889648438,0,0,-0.0,-0.0021030281203054946,1.024455411866493,1.8051007806973953
2024-08-26,924.0037841796875,0,0,0.0,0.001053697021803135,1.024455411866493,1.8070028100140707
2024-08-27,916.2227172851562,0,0,-0.0,-0.008421033579899428,1.024455411866493,1.7917859786719696
2024-08-28,937.6206665039062,0,0,0.0,0.023354528124072127,1.024455411866493,1.8336322947031822
2024-08-29,917.1953735351562,0,0,-0.0,-0.02178417530504051,1.024455411866493,1.7936881273503844
2024-08-30,918.1680297851562,0,0,0.0,0.0010604678981873672,1.024455411866493,1.7955902760287994
2024-09-02,922.0585327148438,0,0,0.0,0.00423724503955758,1.024455411866493,1.8031986320189803
2024-09-03,914.2774658203125,0,0,-0.0,-0.008438799293599364,1.024455411866493,1.7879818006768793
2024-09-04,864.673095703125,0,0,-0.0,-0.05425526929363966,1.024455411866493,1.6909743665890284
2024-09-05,877.3172607421875,0,0,0.0,0.014623058242352993,1.024455411866493,1.7157015832379858
2024-09-06,892.8794555664062,0,0,0.0,0.017738388973509434,1.024455411866493,1.746135365283927
2024-09-09,874.3994750976562,0,0,-0.0,-0.020697060900597197,1.024455411866493,1.709995495287959
2024-09-10,879.2625732421875,0,0,0.0,0.005561643485648471,1.024455411866493,1.7195058805948156
2024-09-11,876.3447265625,0,0,-0.0,-0.003318515729525795,1.024455411866493,1.7137996732830496
2024-09-12,918.3546142578125,0,0,0.0,0.04793762822091496,1.024455411866493,1.795955164866018
2024-09-13,925.1934204101562,0,0,0.0,0.0074468032785686145,1.024455411866493,1.8093292896759043
2024-09-16,925.1934204101562,0,0,0.0,0.0,1.024455411866493,1.8093292896759043
2024-09-18,919.3316650390625,0,0,-0.0,-0.006335708017135566,1.024455411866493,1.7978659075896666
2024-09-19,937.8941650390625,0,0,0.0,0.02019129842461287,1.024455411866493,1.834167154657247
2024-09-20,950.5948486328125,0,0,0.0,0.013541702323333071,1.024455411866493,1.85900490027685
2024-09-23,954.502685546875,0,0,0.0,0.00411093845046917,1.024455411866493,1.8666471550010089
2024-09-24,964.2723999023438,0,0,0.0,0.01023539745189006,1.024455411866493,1.885753030534884
2024-09-25,981.85791015625,0,0,0.0,0.01823707725709789,1.024455411866493,1.9201436542405552
2024-09-26,991.6275024414062,0,0,0.0,0.009950108039157746,1.024455411866493,1.939249291050952
2024-09-27,976.9730224609375,0,0,-0.0,-0.01477821051189998,1.024455411866493,1.9105906567927482
2024-09-30,934.963134765625,0,0,-0.0,-0.04300004885446285,1.024455411866493,1.8284351652097797
2024-10-01,949.6177368164062,0,0,0.0,0.015673989172262814,1.024455411866493,1.8570940381914622
2024-10-04,954.502685546875,0,0,0.0,0.005144121198541907,1.024455411866493,1.8666471550010086
2024-10-07,981.85791015625,0,0,0.0,0.028659138443075216,1.024455411866493,1.920143654240555
2024-10-08,986.7427978515625,0,0,0.0,0.004975147263961199,1.024455411866493,1.9296966516883625
2024-10-09,996.5125122070312,0,0,0.0,0.009900973563465865,1.024455411866493,1.9488025272222376
2024-10-11,1020.9368896484375,0,0,0.0,0.024509855262441427,1.024455411866493,1.9965673950995346
2024-10-14,1020.9368896484375,0,0,0.0,0.0,1.024455411866493,1.9965673950995346
2024-10-15,1045.3612060546875,0,0,0.0,0.02392343410635367,1.024455411866493,2.0443321436150925
2024-10-16,1020.9368896484375,0,0,-0.0,-0.02336447561358257,1.024455411866493,1.9965673950995346
2024-10-17,1011.1671752929688,0,0,-0.0,-0.009569361685846212,1.024455411866493,1.9774615195656593
2024-10-18,1060.015625,0,0,0.0,0.048308974915921565,1.024455411866493,2.0729906585115567
2024-10-21,1060.015625,0,0,0.0,0.0,1.024455411866493,2.0729906585115567
2024-10-22,1050.24609375,0,0,-0.0,-0.009216403060096412,1.024455411866493,2.0538851410628993
2024-10-23,1035.5914306640625,0,0,-0.0,-0.013953551622945537,1.024455411866493,2.0252261487194776
2024-10-24,1035.5914306640625,0,0,0.0,0.0,1.024455411866493,2.0252261487194776
2024-10-25,1040.476318359375,0,0,0.0,0.004717002816622573,1.024455411866493,2.034779146167285
2024-10-28,1025.8216552734375,0,0,-0.0,-0.014084571486494779,1.024455411866493,2.006120153823863
2024-10-29,1016.0520629882812,0,0,-0.0,-0.009523675226520867,1.024455411866493,1.9870145170134665
2024-10-30,1006.2822265625,0,0,-0.0,-0.009615488006635697,1.024455411866493,1.9679084027561125
2024-11-01,1001.3973388671875,0,0,-0.0,-0.004854391309284556,1.024455411866493,1.9583554053083052
2024-11-04,1016.0520629882812,0,0,0.0,0.014634275079731696,1.024455411866493,1.9870145170134663
2024-11-05,1025.8216552734375,0,0,0.0,0.009615247723057774,1.024455411866493,2.0061201538238627
2024-11-06,1035.5914306640625,0,0,0.0,0.009523853722917197,1.024455411866493,2.025226148719477
2024-11-07,1040.476318359375,0,0,0.0,0.004717002816622573,1.024455411866493,2.0347791461672844
2024-11-08,1064.9005126953125,0,0,0.0,0.023474051167689858,1.024455411866493,2.0825436559593635
2024-11-11,1060.015625,0,0,-0.0,-0.00458717752229143,1.024455411866493,2.0729906585115563
2024-11-12,1025.8216552734375,0,0,-0.0,-0.03225798650521072,1.024455411866493,2.0061201538238627
2024-11-13,1011.1671752929688,0,0,-0.0,-0.014285602087979465,1.024455411866493,1.9774615195656589
2024-11-14,1011.1671752929688,0,0,0.0,0.0,1.024455411866493,1.9774615195656589
2024-11-15,1011.1671752929688,0,0,0.0,0.0,1.024455411866493,1.9774615195656589
2024-11-18,1001.3973388671875,0,0,-0.0,-0.009661939849808343,1.024455411866493,1.9583554053083048
2024-11-19,1016.0520629882812,0,0,0.0,0.014634275079731696,1.024455411866493,1.9870145170134659
2024-11-20,1001.3973388671875,0,0,-0.0,-0.014423201974506306,1.024455411866493,1.9583554053083045
2024-11-21,986.7427978515625,0,0,-0.0,-0.014634092229766305,1.024455411866493,1.9296966516883614
2024-11-22,1016.0520629882812,0,0,0.0,0.029703044400763767,1.024455411866493,1.9870145170134659
2024-11-25,1006.2822265625,0,0,-0.0,-0.009615488006635697,1.024455411866493,1.9679084027561118
2024-11-26,986.7427978515625,0,0,-0.0,-0.019417443928911426,1.024455411866493,1.9296966516883614
2024-11-27,976.9730224609375,0,0,-0.0,-0.00990103541864884,1.024455411866493,1.9105906567927469
2024-11-28,981.85791015625,0,0,0.0,0.005000023115282914,1.024455411866493,1.920143654240554
2024-11-29,973.065185546875,0,0,-0.0,-0.008955190479624231,1.024455411866493,1.9029484020685883
2024-12-02,1011.1671752929688,0,0,0.0,0.03915666731482115,1.024455411866493,1.9774615195656584
2024-12-03,1030.7066650390625,0,0,0.0,0.019323698616336538,1.024455411866493,2.0156733899951482
2024-12-04,1045.3612060546875,0,0,0.0,0.014217955032889584,1.024455411866493,2.044332143615091
2024-12-05,1050.24609375,0,0,0.0,0.00467291847738327,1.024455411866493,2.053885141062899
2024-12-06,1040.476318359375,0,0,-0.0,-0.009302367748630358,1.024455411866493,2.0347791461672844
2024-12-09,1050.24609375,0,0,0.0,0.009389714324329779,1.024455411866493,2.053885141062899
2024-12-10,1040.476318359375,0,0,-0.0,-0.009302367748630358,1.024455411866493,2.0347791461672844
2024-12-11,1020.9368896484375,0,0,-0.0,-0.01877931132709232,1.024455411866493,1.996567395099534
2024-12-12,1039.5703125,0,0,0.0,0.01825129745089238,1.024455411866493,2.0330073405082487
2024-12-13,1044.473876953125,0,0,0.0,0.004716914665764849,1.024455411866493,2.0425968626482995
2024-12-16,1064.0885009765625,0,0,0.0,0.018779429965884997,1.024455411866493,2.0809556673789396
2024-12-17,1054.2811279296875,0,0,-0.0,-0.009216689248943366,1.024455411866493,2.0617761456518804
2024-12-18,1064.0885009765625,0,0,0.0,0.009302426826262034,1.024455411866493,2.0809556673789396
2024-12-19,1049.3775634765625,0,0,-0.0,-0.013824919155219773,1.024455411866493,2.052186623511829
2024-12-20,1015.0520629882812,0,0,-0.0,-0.03271034342926271,1.024455411866493,1.985058894275818
2024-12-23,1059.184814453125,0,0,0.0,0.04347831315658657,1.024455411866493,2.0713659065154095
2024-12-24,1059.184814453125,0,0,0.0,0.0,1.024455411866493,2.0713659065154095
2024-12-25,1064.0885009765625,0,0,0.0,0.004629679784419194,1.024455411866493,2.080955667378939
2024-12-26,1064.0885009765625,0,0,0.0,0.0,1.024455411866493,2.080955667378939
2024-12-27,1068.991943359375,0,0,0.0,0.004608115188081019,1.024455411866493,2.090544950795511
2024-12-30,1068.991943359375,0,0,0.0,0.0,1.024455411866493,2.090544950795511
2024-12-31,1054.2811279296875,0,0,-0.0,-0.013761390365074067,1.024455411866493,2.0617761456518795
2025-01-02,1044.473876953125,0,0,-0.0,-0.009302311040909172,1.024455411866493,2.0425968626482987
2025-01-03,1054.2811279296875,0,0,0.0,0.009389656546673564,1.024455411866493,2.061776145651879
2025-01-06,1103.3175048828125,0,0,0.0,0.046511670989898724,1.024455411866493,2.1576727993932607
2025-01-07,1108.22119140625,0,0,0.0,0.004444492634020358,1.024455411866493,2.1672625602567903
2025-01-08,1083.702880859375,0,0,-0.0,-0.022124022475840888,1.024455411866493,2.1193139946626207
2025-01-09,1078.79931640625,0,0,-0.0,-0.0045248236760582206,1.024455411866493,2.10972447252257
2025-01-10,1078.79931640625,0,0,0.0,0.0,1.024455411866493,2.10972447252257
2025-01-13,1054.2811279296875,0,0,-0.0,-0.022727293300702778,1.024455411866493,2.061776145651879
2025-01-14,1068.991943359375,0,0,0.0,0.013953408668687217,1.024455411866493,2.0905449507955103
2025-01-15,1044.473876953125,0,0,-0.0,-0.022935688672451993,1.024455411866493,2.042596862648298
2025-01-16,1083.702880859375,0,0,0.0,0.03755862618669448,1.024455411866493,2.1193139946626207
2025-01-17,1098.413818359375,0,0,0.0,0.013574696311902557,1.024455411866493,2.1480830385297307
2025-01-20,1098.413818359375,0,0,0.0,0.0,1.024455411866493,2.1480830385297307
2025-01-21,1098.413818359375,0,0,0.0,0.0,1.024455411866493,2.1480830385297307
2025-01-22,1113.124755859375,0,0,0.0,0.0133928918720021,1.024455411866493,2.176852082396841
2025-02-03,1049.3775634765625,0,0,-0.0,-0.05726868623418335,1.024455411866493,2.052186623511828
2025-02-04,1073.895751953125,0,0,0.0,0.023364506093816573,1.024455411866493,2.1001349503825186
2025-02-05,1088.6065673828125,0,0,0.0,0.013698550723319824,1.024455411866493,2.1289037555261503
2025-02-06,1093.51025390625,0,0,0.0,0.004504553500193076,1.024455411866493,2.13849351638968
2025-02-07,1103.3175048828125,0,0,0.0,0.008968595348355368,1.024455411866493,2.1576727993932603
2025-02-10,1083.702880859375,0,0,-0.0,-0.017777859896749182,1.024455411866493,2.1193139946626203
2025-02-11,1088.6065673828125,0,0,0.0,0.004524936317922279,1.024455411866493,2.1289037555261503
2025-02-12,1078.79931640625,0,0,-0.0,-0.009008994865923659,1.024455411866493,2.1097244725225694
2025-02-13,1068.991943359375,0,0,-0.0,-0.009091007843373355,1.024455411866493,2.09054495079551
2025-02-14,1039.5703125,0,0,-0.0,-0.027522780730148133,1.024455411866493,2.0330073405082465
2025-02-17,1064.0885009765625,0,0,0.0,0.02358492560027048,1.024455411866493,2.0809556673789373
2025-02-18,1078.79931640625,0,0,0.0,0.013824804437024385,1.024455411866493,2.1097244725225686
2025-02-19,1068.991943359375,0,0,-0.0,-0.009091007843373355,1.024455411866493,2.0905449507955094
2025-02-20,1059.184814453125,0,0,-0.0,-0.009174184115392392,1.024455411866493,2.0713659065154073
2025-02-21,1073.895751953125,0,0,0.0,0.013888924103953926,1.024455411866493,2.1001349503825177
2025-02-24,1054.2811279296875,0,0,-0.0,-0.01826492374866351,1.024455411866493,2.0617761456518777
2025-02-25,1034.6666259765625,0,0,-0.0,-0.018604622081818345,1.024455411866493,2.0234175796447165
2025-02-26,1039.5703125,0,0,0.0,0.00473938793455253,1.024455411866493,2.033007340508246
2025-02-27,1019.9556274414062,0,0,-0.0,-0.01886806964641341,1.024455411866493,1.9946484164158667
2025-03-03,1000.3412475585938,0,0,-0.0,-0.019230620779078222,1.024455411866493,1.9562900891321842
2025-03-04,980.7266235351562,0,0,-0.0,-0.01960793286421847,1.024455411866493,1.9179312844015444
2025-03-05,1000.3412475585938,0,0,0.0,0.020000093351941528,1.024455411866493,1.9562900891321844
2025-03-06,985.6303100585938,0,0,-0.0,-0.014705919140996282,1.024455411866493,1.9275210452650742
2025-03-07,985.6303100585938,0,0,0.0,0.0,1.024455411866493,1.9275210452650742
2025-03-10,978.76513671875,0,0,-0.0,-0.006965261995073635,1.024455411866493,1.9140953561837848
2025-03-11,952.2855834960938,0,0,-0.0,-0.02705404210802531,1.024455411866493,1.862311339818813
2025-03-12,968.9579467773438,0,0,0.0,0.017507734623096294,1.024455411866493,1.8949161925419435
2025-03-13,946.4011840820312,0,0,-0.0,-0.023279403167427493,1.024455411866493,1.850803674527273
2025-03-14,940.5169067382812,0,0,-0.0,-0.0062175295664465,1.024455411866493,1.8392962479592116
2025-03-17,951.3048706054688,0,0,0.0,0.01147024980614142,1.024455411866493,1.8603934353908025
2025-03-18,956.7240600585938,0,0,0.0,0.005696585417118483,1.024455411866493,1.8709913255049526
2025-03-19,938.00341796875,0,0,-0.0,-0.01956744151359302,1.024455411866493,1.8343808121706946
2025-03-20,970.5182495117188,0,0,0.0,0.0346638732014215,1.024455411866493,1.8979675560469
2025-03-21,957.7093505859375,0,0,-0.0,-0.013197999040435948,1.024455411866493,1.8729181820634144
2025-03-24,957.7093505859375,0,0,0.0,0.0,1.024455411866493,1.8729181820634144
2025-03-25,975.4447021484375,0,0,0.0,0.018518511437368046,1.024455411866493,1.9076018388392104
2025-03-26,965.5916748046875,0,0,-0.0,-0.010101061928009303,1.024455411866493,1.8883330345311111
2025-03-27,943.9151611328125,0,0,-0.0,-0.022448944245775038,1.024455411866493,1.845941951521467
2025-03-28,938.00341796875,0,0,-0.0,-0.006263002659018357,1.024455411866493,1.8343808121706946
2025-03-31,896.620849609375,0,0,-0.0,-0.04411771595565095,1.024455411866493,1.7534521205448517
2025-04-01,930.1209716796875,0,0,0.0,0.037362640055612406,1.024455411866493,1.8189657209795194
2025-04-02,928.1504516601562,0,0,-0.0,-0.002118563154180575,1.024455411866493,1.8151121272243347
2025-04-07,835.5324096679688,0,0,-0.0,-0.09978774650868749,1.024455411866493,1.6339861783880283
2025-04-08,804.0029296875,1,0,-0.0,-0.037735795303258435,1.024455411866493,1.572326410432024
2025-04-09,773.4586791992188,1,1,-0.037990222871642,-0.037990222871642,0.9855361224476251,1.5125933796727427
2025-04-10,850.3118896484375,1,1,0.0993630461665862,0.0993630461665862,1.0834619936812269,1.662889265488438
2025-04-11,875.9296264648438,1,1,0.0301274592632097,0.0301274592632097,1.116103950759094,1.7129878940936696
2025-04-14,852.282470703125,1,1,-0.026996638824920316,-0.026996638824920316,1.0859728955093841,1.666742978605362
2025-04-15,864.1060180664062,0,1,0.013872803641645781,0.013872803641645781,1.1010383842489353,1.689865376668646
2025-04-16,842.4295043945312,0,0,-0.0,-0.02508547934937444,1.1010383842489353,1.6474742936590019
2025-04-17,834.547119140625,0,0,-0.0,-0.009356729806812125,1.1010383842489353,1.632059321829566
2025-04-18,837.5029907226562,0,0,0.0,0.0035418869878491854,1.1010383842489353,1.6378398915049521
2025-04-21,822.7235107421875,0,0,-0.0,-0.01764707725725967,1.1010383842489353,1.6089368044045425
2025-04-22,804.0029296875,0,0,-0.0,-0.022754401460825524,1.1010383842489353,1.5723264104320238
2025-04-23,860.1648559570312,1,0,0.0,0.06985288759004926,1.1010383842489353,1.6821579504347977
2025-04-24,851.2971801757812,0,1,-0.010309274692911874,-0.010309274692911874,1.0896874770982732,1.6648161220468998
2025-04-25,874.9443359375,0,0,0.0,0.027777791718793132,1.0896874770982732,1.7110610375352073
2025-04-28,883.81201171875,0,0,0.0,0.010135131364383598,1.0896874770982732,1.7284028659231052
2025-04-29,888.738525390625,0,0,0.0,0.005574164648763258,1.0896874770982732,1.738037268077155
2025-04-30,894.6502685546875,0,0,0.0,0.006651836277114409,1.0896874770982732,1.7495984074279274
2025-05-02,936.0327758789062,0,0,0.0,0.0462555132197886,1.0896874770982732,1.830526979692031
2025-05-05,924.2091674804688,0,0,-0.0,-0.012631617933822392,1.0896874770982732,1.8074044622670074
2025-05-06,906.473876953125,0,0,-0.0,-0.019189693363129923,1.0896874770982732,1.7727209248529507
2025-05-07,914.356201171875,0,0,0.0,0.00869558893990896,1.0896874770982732,1.7881357773206472
2025-05-08,904.5032348632812,0,0,-0.0,-0.010775851135439107,1.0896874770982732,1.7688670923742873
2025-05-09,935.0475463867188,0,0,0.0,0.033769156754927865,1.0896874770982732,1.828600242495308
2025-05-12,942.9298706054688,0,0,0.0,0.008429864608713755,1.0896874770982732,1.8440150949630048
2025-05-13,954.7534790039062,0,0,0.0,0.012539223506458086,1.0896874770982732,1.8671376123880283
2025-05-14,984.3123168945312,0,0,0.0,0.030959654550265503,1.0896874770982732,1.9249435478653691
2025-05-15,978.400634765625,0,0,-0.0,-0.006005900797378394,1.0896874770982732,1.9133825278763361
2025-05-16,983.3270263671875,0,0,0.0,0.005035147593442257,1.0896874770982732,1.9230166913069071
2025-05-19,969.532958984375,0,0,-0.0,-0.014027955108458112,1.0896874770982732,1.8960406994884382
2025-05-20,963.6211547851562,0,0,-0.0,-0.0060975794009227036,1.0896874770982732,1.8844794407759264
2025-05-21,975.4447021484375,0,0,0.0,0.012269912615105794,1.0896874770982732,1.9076018388392104
2025-05-22,967.5623168945312,0,0,-0.0,-0.00808081199943489,1.0896874770982732,1.8921868670097746
2025-05-23,969.532958984375,0,0,0.0,0.0020367081845111823,1.0896874770982732,1.896040699488438
2025-05-26,961.6505126953125,0,0,-0.0,-0.008130147836665325,1.0896874770982732,1.8806256082972628
2025-05-27,950.812255859375,0,0,-0.0,-0.011270473724971142,1.0896874770982732,1.8594300667924406
2025-05-28,952.7828979492188,0,0,0.0,0.0020725880190328727,1.0896874770982732,1.863283899271104
2025-05-29,952.7828979492188,0,0,0.0,0.0,1.0896874770982732,1.863283899271104
2025-06-02,932.0916137695312,0,0,-0.0,-0.02171668301795049,1.0896874770982732,1.8228195534581826
2025-06-03,936.0327758789062,0,0,0.0,0.004228299076135089,1.0896874770982732,1.8305269796920307
2025-06-04,975.4447021484375,0,0,0.0,0.04210528443571282,1.0896874770982732,1.90760183883921
2025-06-05,983.3270263671875,0,0,0.0,0.008080749427813894,1.0896874770982732,1.9230166913069067
2025-06-06,980.3711547851562,0,0,-0.0,-0.0030059903803838495,1.0896874770982732,1.9172361216315206
2025-06-09,990.22412109375,0,0,0.0,0.010050240932224286,1.0896874770982732,1.9365048065778807
2025-06-10,1029.635986328125,0,0,0.0,0.03980095454637356,1.0896874770982732,2.013579546363321
2025-06-11,1049.3421630859375,0,0,0.0,0.019138974374903528,1.0896874770982732,2.052117393702998
2025-06-12,1034.0052490234375,0,0,-0.0,-0.014615741749475442,1.0896874770982732,2.0221241758370287
2025-06-13,1019.1629638671875,0,0,-0.0,-0.014354168095633724,1.0896874770982732,1.9930982655068192
2025-06-16,1014.215576171875,0,0,-0.0,-0.004854363699147601,1.0896874770982732,1.9834230416379088
2025-06-17,1034.0052490234375,0,0,0.0,0.019512294345013004,1.0896874770982732,2.0221241758370287
2025-06-18,1043.89990234375,0,0,0.0,0.009569248637429473,1.0896874770982732,2.0414743848513703
2025-06-19,1024.1103515625,0,0,-0.0,-0.0189573260202619,1.0896874770982732,2.002773489375729
2025-06-20,1043.89990234375,0,0,0.0,0.019323650767768097,1.0896874770982732,2.04147438485137
2025-06-23,1009.2681274414062,0,0,-0.0,-0.033175379003857475,1.0896874770982732,1.9737476984072588
2025-06-24,1038.952392578125,0,0,0.0,0.02941167399387834,1.0896874770982732,2.031798922258981
2025-06-25,1058.7420654296875,0,0,0.0,0.019047718637477784,1.0896874770982732,2.0705000564581004
2025-06-26,1063.689453125,0,0,0.0,0.004672892347301394,1.0896874770982732,2.0801752803270106
2025-06-27,1068.6368408203125,0,0,0.0,0.004651157986739207,1.0896874770982732,2.089850504195921
2025-06-30,1048.8472900390625,0,0,-0.0,-0.018518499480196682,1.0896874770982732,2.05114960872028
2025-07-01,1073.584228515625,0,0,0.0,0.023584880955969556,1.0896874770982732,2.0995257280648314
2025-07-02,1073.584228515625,0,0,0.0,0.0,1.0896874770982732,2.0995257280648314
2025-07-03,1078.5316162109375,0,0,0.0,0.004608290215061039,1.0896874770982732,2.1092009519337416
2025-07-04,1073.584228515625,0,0,-0.0,-0.004587151290653346,1.0896874770982732,2.0995257280648314
2025-07-07,1068.6368408203125,0,0,-0.0,-0.0046082902150611504,1.0896874770982732,2.089850504195921
2025-07-08,1068.6368408203125,0,0,0.0,0.0,1.0896874770982732,2.089850504195921
2025-07-09,1078.5316162109375,0,0,0.0,0.009259249740098285,1.0896874770982732,2.1092009519337416
2025-07-10,1088.426513671875,0,0,0.0,0.009174415763257837,1.0896874770982732,2.128551638395041
2025-07-11,1088.426513671875,0,0,0.0,0.0,1.0896874770982732,2.128551638395041
2025-07-14,1083.47900390625,0,0,-0.0,-0.004545561600602932,1.0896874770982732,2.118876175802652
2025-07-15,1098.3212890625,0,0,0.0,0.013698728911902602,1.0896874770982732,2.1479020861328615
2025-07-16,1118.11083984375,0,0,0.0,0.018017997992319623,1.0896874770982732,2.1866029816085026
2025-07-17,1118.11083984375,0,0,0.0,0.0,1.0896874770982732,2.1866029816085026
2025-07-18,1142.84765625,0,0,0.0,0.022123760475935228,1.0896874770982732,2.2349788622295748
2025-07-21,1137.9005126953125,0,0,-0.0,-0.004328786542661778,1.0896874770982732,2.2253041158076217
2025-07-22,1118.11083984375,0,0,-0.0,-0.01739139110209842,1.0896874770982732,2.186602981608502
2025-07-23,1132.9530029296875,0,0,0.0,0.013274321790862631,1.0896874770982732,2.215628653215233
2025-07-24,1132.9530029296875,0,0,0.0,0.0,1.0896874770982732,2.215628653215233
2025-07-25,1132.9530029296875,0,0,0.0,0.0,1.0896874770982732,2.215628653215233
2025-07-28,1132.9530029296875,0,0,0.0,0.0,1.0896874770982732,2.215628653215233
2025-07-29,1123.05810546875,0,0,-0.0,-0.008733722789339371,1.0896874770982732,2.196277966753934
2025-07-30,1142.84765625,0,0,0.0,0.017621128136544817,1.0896874770982732,2.234978862229575
2025-07-31,1147.7950439453125,0,0,0.0,0.0043290001674818335,1.0896874770982732,2.2446540860984854
2025-08-04,1123.05810546875,0,0,-0.0,-0.021551703509308018,1.0896874770982732,2.196277966753934
2025-08-05,1137.9005126953125,0,0,0.0,0.013216063491539032,1.0896874770982732,2.225304115807622
2025-08-06,1113.1634521484375,0,0,-0.0,-0.021739212058425994,1.0896874770982732,2.176927757739592
2025-08-07,1167.584716796875,0,0,0.0,0.04888883527697829,1.0896874770982732,2.283355220297605
2025-08-08,1162.637451171875,0,0,-0.0,-0.00423717915610633,1.0896874770982732,2.2736802351521734
2025-08-11,1167.584716796875,0,0,0.0,0.0042552092400029995,1.0896874770982732,2.2833552202976053
2025-08-12,1167.584716796875,0,0,0.0,0.0,1.0896874770982732,2.2833552202976053
2025-08-13,1187.374267578125,0,0,0.0,0.016949134822131118,1.0896874770982732,2.3220561157732464
2025-08-14,1162.637451171875,0,0,-0.0,-0.020833209108283457,1.0896874770982732,2.273680235152174
2025-08-15,1167.584716796875,0,0,0.0,0.0042552092400029995,1.0896874770982732,2.2833552202976057
2025-08-18,1167.584716796875,0,0,0.0,0.0,1.0896874770982732,2.2833552202976057
2025-08-19,1172.5321044921875,0,0,0.0,0.004237283705532668,1.0896874770982732,2.293030444166516
2025-08-20,1123.05810546875,0,0,-0.0,-0.04219415300774576,1.0896874770982732,2.196277966753935
2025-08-21,1137.9005126953125,0,0,0.0,0.013216063491539032,1.0896874770982732,2.225304115807623
2025-08-22,1123.05810546875,0,0,-0.0,-0.013043677422559297,1.0896874770982732,2.196277966753935
2025-08-25,1157.68994140625,0,0,0.0,0.0308370829335185,1.0896874770982732,2.2640047725597854
2025-08-26,1162.637451171875,0,0,0.0,0.0042736052104030975,1.0896874770982732,2.2736802351521743
2025-08-27,1177.4794921875,0,0,0.0,0.012765837708621053,1.0896874770982732,2.3027056680354265
2025-08-28,1147.7950439453125,0,0,-0.0,-0.025210161568963052,1.0896874770982732,2.2446540860984863
2025-08-29,1147.7950439453125,0,0,0.0,0.0,1.0896874770982732,2.2446540860984863
2025-09-01,1152.7425537109375,0,0,0.0,0.004310447053873734,1.0896874770982732,2.254329548690875
2025-09-02,1147.7950439453125,0,0,-0.0,-0.00429194684424361,1.0896874770982732,2.2446540860984863
2025-09-03,1147.7950439453125,0,0,0.0,0.0,1.0896874770982732,2.2446540860984863
2025-09-04,1147.7950439453125,0,0,0.0,0.0,1.0896874770982732,2.2446540860984863
2025-09-05,1167.584716796875,0,0,0.0,0.017241469159458678,1.0896874770982732,2.283355220297606
2025-09-08,1167.584716796875,0,0,0.0,0.0,1.0896874770982732,2.283355220297606
2025-09-09,1187.374267578125,0,0,0.0,0.016949134822131118,1.0896874770982732,2.3220561157732473
2025-09-10,1212.1112060546875,0,0,0.0,0.02083331191522131,1.0896874770982732,2.3704322351177987
2025-09-11,1226.9534912109375,0,0,0.0,0.012244986336328312,1.0896874770982732,2.3994581454480084
2025-09-12,1246.7431640625,0,0,0.0,0.016129114097088726,1.0896874770982732,2.4381592796471283
2025-09-15,1241.795654296875,0,0,-0.0,-0.003968347217163437,1.0896874770982732,2.4284838170547394
2025-09-16,1271.5987548828125,0,0,0.0,0.024000003932058034,1.0896874770982732,2.4867674382129925
2025-09-17,1256.697265625,0,0,-0.0,-0.011718703876197,1.0896874770982732,2.4576257469956055
2025-09-18,1276.5660400390625,0,0,0.0,0.015810310850148168,1.0896874770982732,2.4964815740089334
2025-09-19,1256.697265625,0,0,-0.0,-0.015564235449545993,1.0896874770982732,2.457625746995605
2025-09-22,1286.5003662109375,0,0,0.0,0.023715417707315112,1.0896874770982732,2.5159093681538582
2025-09-23,1331.2049560546875,0,0,0.0,0.034748991152964814,1.0896874770982732,2.603334680529498
2025-09-24,1331.2049560546875,0,0,0.0,0.0,1.0896874770982732,2.603334680529498
2025-09-25,1311.336181640625,0,0,-0.0,-0.0149254059817715,1.0896874770982732,2.5644788535161696
2025-09-26,1291.4674072265625,0,0,-0.0,-0.015151549001877207,1.0896874770982732,2.5256230265028417
2025-09-30,1296.4345703125,0,0,0.0,0.003846138940977628,1.0896874770982732,2.535336923575304
2025-10-01,1316.3033447265625,0,0,0.0,0.015325705491850083,1.0896874770982732,2.574192750588632
2025-10-02,1356.040771484375,0,0,0.0,0.030188654398707104,1.0896874770982732,2.6519041658918097
2025-10-03,1390.8111572265625,0,0,0.0,0.02564110642788897,1.0896874770982732,2.7199019228460037
2025-10-07,1425.5814208984375,0,0,0.0,0.024999989028856362,1.0896874770982732,2.787899441076719
2025-10-08,1405.7127685546875,0,0,-0.0,-0.013937227332289637,1.0896874770982732,2.7490438527868695
2025-10-09,1430.548583984375,0,0,0.0,0.01766777394732144,1.0896874770982732,2.7976133381491817
2025-10-13,1405.7127685546875,0,0,-0.0,-0.017361042964730733,1.0896874770982732,2.74904385278687
2025-10-14,1415.64697265625,0,0,0.0,0.007067022740197881,1.0896874770982732,2.768471408208316
2025-10-15,1455.384521484375,0,0,0.0,0.028070238976009243,1.0896874770982732,2.846183062234972
2025-10-16,1475.2532958984375,0,0,0.0,0.013651907190683765,1.0896874770982732,2.8850388892483
2025-10-17,1440.48291015625,0,0,-0.0,-0.02356909544880026,1.0896874770982732,2.817041132294106
2025-10-20,1470.2861328125,0,0,0.0,0.020689744006068933,1.0896874770982732,2.8753249921758375
2025-10-21,1470.2861328125,0,0,0.0,0.0,1.0896874770982732,2.8753249921758375
2025-10-22,1450.4173583984375,0,0,-0.0,-0.013513542684413182,1.0896874770982732,2.836469165162509
2025-10-23,1440.48291015625,0,0,-0.0,-0.006849372137380683,1.0896874770982732,2.8170411322941056
2025-10-27,1470.2861328125,0,0,0.0,0.020689744006068933,1.0896874770982732,2.875324992175837
2025-10-28,1465.3189697265625,0,0,-0.0,-0.0033783649148861894,1.0896874770982732,2.865611095103375
2025-10-29,1495.1219482421875,0,0,0.0,0.020338901721299818,1.0896874770982732,2.923894477538149
2025-10-30,1495.1219482421875,0,0,0.0,0.0,1.0896874770982732,2.923894477538149
2025-10-31,1490.15478515625,0,0,-0.0,-0.003322246116296612,1.0896874770982732,2.9141805804656866
2025-11-03,1500.089111328125,0,0,0.0,0.006666640452946959,1.0896874770982732,2.9336083746106114
2025-11-04,1495.1219482421875,0,0,-0.0,-0.0033112453443113754,1.0896874770982732,2.9238944775381492
2025-11-05,1450.4173583984375,0,0,-0.0,-0.029900296692392914,1.0896874770982732,2.8364691651625096
2025-11-06,1455.384521484375,0,0,0.0,0.003424643987591569,1.0896874770982732,2.846183062234972
2025-11-07,1450.4173583984375,0,0,-0.0,-0.003412955828931974,1.0896874770982732,2.83646916516251
2025-11-10,1465.3189697265625,0,0,0.0,0.01027401612497214,1.0896874770982732,2.8656110951033757
2025-11-11,1455.384521484375,0,0,-0.0,-0.00677971721340731,1.0896874770982732,2.8461830622349726
2025-11-12,1465.3189697265625,0,0,0.0,0.006825995532819817,1.0896874770982732,2.865611095103376
2025-11-13,1450.4173583984375,0,0,-0.0,-0.010169534166957317,1.0896874770982732,2.8364691651625105
2025-11-14,1420.6141357421875,0,0,-0.0,-0.02054803224994417,1.0896874770982732,2.778185305280779
2025-11-17,1435.5157470703125,0,0,0.0,0.010489555857009503,1.0896874770982732,2.8073272352216447
2025-11-18,1395.7783203125,0,0,-0.0,-0.027681637654558,1.0896874770982732,2.7296158199184672
2025-11-19,1385.843994140625,0,0,-0.0,-0.007117409711343559,1.0896874770982732,2.7101880257735425
2025-11-20,1445.4501953125,0,0,0.0,0.04301075837099355,1.0896874770982732,2.8267552680900483
2025-11-21,1375.9095458984375,0,0,-0.0,-0.048110028031113306,1.0896874770982732,2.690759992905139
2025-11-24,1365.9752197265625,0,0,-0.0,-0.007220188421171336,1.0896874770982732,2.671332198760214
2025-11-25,1405.7127685546875,0,0,0.0,0.02909097343367595,1.0896874770982732,2.749043852786871
2025-11-26,1430.548583984375,0,0,0.0,0.01766777394732144,1.0896874770982732,2.797613338149183
2025-11-27,1425.5814208984375,0,0,-0.0,-0.003472208592946169,1.0896874770982732,2.7878994410767204
2025-11-28,1430.548583984375,0,0,0.0,0.003484306833072326,1.0896874770982732,2.7976133381491826
2025-12-01,1400.74560546875,0,0,-0.0,-0.0208332515576769,1.0896874770982732,2.7393299557144086
2025-12-02,1420.6141357421875,0,0,0.0,0.014184253154796433,1.0896874770982732,2.778185305280779
2025-12-03,1440.48291015625,0,0,0.0,0.013986045833397354,1.0896874770982732,2.817041132294107
2025-12-04,1435.5157470703125,0,0,-0.0,-0.003448262420134296,1.0896874770982732,2.8073272352216447
2025-12-05,1450.4173583984375,0,0,0.0,0.010380667267870125,1.0896874770982732,2.8364691651625105
2025-12-08,1485.1876220703125,0,0,0.0,0.023972592075337973,1.0896874770982732,2.904466683393226
2025-12-09,1470.2861328125,0,0,-0.0,-0.010033405232020565,1.0896874770982732,2.875324992175839
2025-12-10,1495.1219482421875,0,0,0.0,0.01689182457443117,1.0896874770982732,2.9238944775381506
2025-12-11,1465.219482421875,0,0,-0.0,-0.02000001796205908,1.0896874770982732,2.8654165354682224
2025-12-12,1475.18701171875,0,0,0.0,0.006802755093318513,1.0896874770982732,2.8849092623993577
2025-12-15,1445.2845458984375,0,0,-0.0,-0.020270288161955086,1.0896874770982732,2.8264313203294296
2025-12-16,1430.3333740234375,0,0,-0.0,-0.010344794675505087,1.0896874770982732,2.797192468656205
2025-12-17,1425.349609375,0,0,-0.0,-0.0034843378047024753,1.0896874770982732,2.787446105190637
2025-12-18,1425.349609375,0,0,0.0,0.0,1.0896874770982732,2.787446105190637
2025-12-19,1425.349609375,0,0,0.0,0.0,1.0896874770982732,2.787446105190637
2025-12-22,1460.2357177734375,0,0,0.0,0.024475474767018612,1.0896874770982732,2.8556701720026547
2025-12-23,1485.1544189453125,0,0,0.0,0.017064848413563594,1.0896874770982732,2.904401750607015
2025-12-24,1490.13818359375,0,0,0.0,0.003355721522868116,1.0896874770982732,2.914148114072583
2025-12-26,1505.0894775390625,0,0,0.0,0.010033494953638922,1.0896874770982732,2.9433872044692864
2025-12-29,1525.0244140625,0,0,0.0,0.01324501753612184,1.0896874770982732,2.9823724196080788
2025-12-30,1515.056884765625,0,0,-0.0,-0.006535980148883347,1.0896874770982732,2.962879692676943
2025-12-31,1544.9593505859375,0,0,0.0,0.01973686012782183,1.0896874770982732,3.0213576347468716
