date,close,pred_prob_up,pred_up,position,asset_ret,strategy_ret,buy_hold_ret,strategy_cum,buy_hold_cum
2023-10-27,511.3459777832031,,0,0,0.0,0.0,0.0,1.0,1.0
2023-10-30,510.38671875,,0,0,-0.0018759491125005,-0.0,-0.0018759491125005,1.0,0.9981240508874994
2023-10-31,507.508544921875,,1,0,-0.0056392020450179,-0.0,-0.0056392020450179,1.0,0.992495427698553
2023-11-01,506.5492248535156,,1,1,-0.0018902540222393,-0.0018902540222393,-0.0018902540222393,0.9981097459777608,0.9906193592242916
2023-11-02,524.7772827148438,,1,1,0.035984771009371,0.035984771009371,0.035984771009371,1.0340264966289918,1.0262665700234277
2023-11-03,526.696044921875,,0,1,0.0036563362596506,0.0036563362596506,0.0036563362596506,1.037807245202056,1.0300189456954716
2023-11-06,527.6554565429688,,1,0,0.001821566025308,0.0,0.001821566025308,1.037807245202056,1.031895193212374
2023-11-07,532.4522705078125,,1,1,0.0090908070889117,0.0090908070889117,0.0090908070889117,1.0472417506636629,1.041275953349843
2023-11-08,533.4116821289062,,1,1,0.0018018734715483,0.0018018734715483,0.0018018734715483,1.049128747792481,1.043152200866745
2023-11-09,534.3710327148438,,1,1,0.0017985181391391,0.0017985181391391,0.0017985181391391,1.0510156248756783,1.0450283290218871
2023-11-10,534.3710327148438,,1,1,0.0,0.0,0.0,1.0510156248756783,1.0450283290218871
2023-11-13,547.80224609375,,1,1,0.0251346209967064,0.0251346209967064,0.0251346209967064,1.077432504268545,1.0712947200026737
2023-11-14,548.76171875,,0,1,0.0017514945641274,0.0017514945641274,0.0017514945641274,1.0793196214429857,1.0731710868813369
2023-11-15,557.39599609375,,1,0,0.015734110177032,0.0,0.015734110177032,1.0793196214429857,1.0900564790011331
2023-11-16,559.3147583007812,,1,1,0.0034423681197532,0.0034423681197532,0.0034423681197532,1.0830350368988653,1.0938088546731772
2023-11-17,556.4366455078125,,0,1,-0.0051457837474422,-0.0051457837474422,-0.0051457837474422,1.0774619728080803,1.0881803508459915
2023-11-20,553.5584716796875,,0,0,-0.0051725094875775,-0.0,-0.0051725094875775,1.0774619728080803,1.082551727657045
2023-11-21,561.2333984375,,1,0,0.0138647083378999,0.0,0.0138647083378999,1.0774619728080803,1.0975609916216995
2023-11-22,553.5584716796875,,0,1,-0.0136751069682948,-0.0136751069682948,-0.0136751069682948,1.06272756507566,1.082551727657045
2023-11-23,554.517822265625,,0,0,0.0017330609773282,0.0,0.0017330609773282,1.06272756507566,1.084427855812187
2023-11-24,551.6397705078125,,0,0,-0.0051901880196627,-0.0,-0.0051901880196627,1.06272756507566,1.078799471346762
2023-11-27,544.9241943359375,,0,0,-0.0121738433864059,-0.0,-0.0121738433864059,1.06272756507566,1.0656663355372489
2023-11-28,551.6397705078125,,0,0,0.0123238722774252,0.0,0.0123238722774252,1.06272756507566,1.0787994713467617
2023-11-29,550.6803588867188,,0,0,-0.0017391995145864,-0.0,-0.0017391995145864,1.06272756507566,1.0769232238298592
2023-11-30,553.5584716796875,,0,0,0.0052264671265691,0.0,0.0052264671265691,1.06272756507566,1.0825517276570449
2023-12-01,555.4772338867188,,0,0,0.0034662322142935,0.0,0.0034662322142935,1.06272756507566,1.0863041033290888
2023-12-04,550.6803588867188,,0,0,-0.0086355924372198,-0.0,-0.0086355924372198,1.06272756507566,1.0769232238298592
2023-12-05,546.8429565429688,,0,0,-0.0069684750542181,-0.0,-0.0069684750542181,1.06272756507566,1.0694187112092923
2023-12-06,546.8429565429688,,0,0,0.0,0.0,0.0,1.06272756507566,1.0694187112092923
2023-12-07,543.00537109375,,0,0,-0.0070177103011057,-0.0,-0.0070177103011057,1.06272756507566,1.0619138405034438
2023-12-08,546.8429565429688,,0,0,0.0070673066115145,0.0,0.0070673066115145,1.06272756507566,1.0694187112092923
2023-12-11,550.6803588867188,,0,0,0.0070173754600575,0.0,0.0070173754600575,1.06272756507566,1.076923223829859
2023-12-12,554.517822265625,,0,0,0.0069685858901236,0.0,0.0069685858901236,1.06272756507566,1.084427855812186
2023-12-13,553.5584716796875,,0,0,-0.0017300626732209,-0.0,-0.0017300626732209,1.06272756507566,1.0825517276570444
2023-12-14,561.2735595703125,,0,0,0.0139372591791699,0.0,0.0139372591791699,1.06272756507566,1.097639531660259
2023-12-15,564.166748046875,,0,0,0.0051546851392347,0.0,0.0051546851392347,1.06272756507566,1.1032975178423448
2023-12-18,564.166748046875,,0,0,0.0,0.0,0.0,1.06272756507566,1.1032975178423448
2023-12-19,564.166748046875,,0,0,0.0,0.0,0.0,1.06272756507566,1.1032975178423448
2023-12-20,564.166748046875,,0,0,0.0,0.0,0.0,1.06272756507566,1.1032975178423448
2023-12-21,556.45166015625,,0,0,-0.0136751907434005,-0.0,-0.0136751907434005,1.06272756507566,1.0882097138391305
2023-12-22,561.2735595703125,,0,0,0.0086654416894156,0.0,0.0086654416894156,1.06272756507566,1.0976395316602592
2023-12-25,560.3092041015625,,0,0,-0.001718155883716,-0.0,-0.001718155883716,1.06272756507566,1.0957536158407375
2023-12-26,565.1311645507812,,0,0,0.0086058919145377,0.0,0.0086058919145377,1.06272756507566,1.1051835530236271
2023-12-27,570.91748046875,,0,0,0.0102388901567094,0.0,0.0102388901567094,1.06272756507566,1.1164994060260378
2023-12-28,571.8818359375,,0,0,0.0016891328462358,0.0,0.0016891328462358,1.06272756507566,1.1183853218455593
2023-12-29,571.8818359375,,0,0,0.0,0.0,0.0,1.06272756507566,1.1183853218455593
2024-01-02,571.8818359375,,0,0,0.0,0.0,0.0,1.06272756507566,1.1183853218455593
2024-01-03,557.4160766601562,,0,0,-0.0252950144038578,-0.0,-0.0252950144038578,1.06272756507566,1.0900957490204126
2024-01-04,559.3448486328125,,0,0,0.0034602015503621,0.0,0.0034602015503621,1.06272756507566,1.0938677000212162
2024-01-05,555.4871215820312,,0,0,-0.0068968670404502,-0.0,-0.0068968670404502,1.06272756507566,1.086323439934327
2024-01-08,562.2379150390625,,0,0,0.0121529252339909,0.0,0.0121529252339909,1.06272756507566,1.0995254474797806
2024-01-09,565.1311645507812,,0,0,0.0051459523349963,0.0,0.0051459523349963,1.06272756507566,1.1051835530236271
2024-01-10,563.2024536132812,,0,0,-0.0034128553838171,-0.0,-0.0034128553838171,1.06272756507566,1.1014117213845842
2024-01-11,565.1311645507812,,0,0,0.0034245428533312,0.0,0.0034245428533312,1.06272756507566,1.1051835530236271
2024-01-12,563.2024536132812,,0,0,-0.0034128553838171,-0.0,-0.0034128553838171,1.06272756507566,1.1014117213845842
2024-01-15,565.1311645507812,,0,0,0.0034245428533312,0.0,0.0034245428533312,1.06272756507566,1.1051835530236271
2024-01-16,559.3448486328125,,0,0,-0.0102388901567094,-0.0,-0.0102388901567094,1.06272756507566,1.0938677000212165
2024-01-17,560.3092041015625,,0,0,0.0017240803613498,0.0,0.0017240803613498,1.06272756507566,1.095753615840738
2024-01-18,567.0598754882812,,0,0,0.0120481179629079,0.0,0.0120481179629079,1.06272756507566,1.10895538466267
2024-01-19,603.7066040039062,,0,0,0.064625853635067,0.0,0.064625853635067,1.06272756507566,1.1806225730396993
2024-01-22,603.7066040039062,,0,0,0.0,0.0,0.0,1.06272756507566,1.1806225730396993
2024-01-23,605.6354370117188,,0,0,0.0031949841115206,0.0,0.0031949841115206,1.06272756507566,1.184394643402264
2024-01-24,604.6710815429688,,0,0,-0.0015923035704585,-0.0,-0.0015923035704585,1.06272756507566,1.1825087275827424
2024-01-25,619.1367797851562,,0,0,0.0239232513075946,0.0,0.0239232513075946,1.06272756507566,1.2107981810461284
2024-01-26,621.0655517578125,,0,0,0.0031152598838104,0.0,0.0031152598838104,1.06272756507566,1.214570132046932
2024-01-29,624.9231567382812,,0,0,0.0062112686326756,0.0,0.0062112686326756,1.06272756507566,1.2221141534102995
2024-01-30,619.1367797851562,,0,0,-0.0092593415538101,-0.0,-0.0092593415538101,1.06272756507566,1.210798181046128
2024-01-31,605.6354370117188,,0,0,-0.0218067206056189,-0.0,-0.0218067206056189,1.06272756507566,1.1843946434022636
2024-02-01,605.6354370117188,,0,0,0.0,0.0,0.0,1.06272756507566,1.1843946434022636
2024-02-02,612.3861694335938,,0,0,0.011146528108038,0.0,0.011146528108038,1.06272756507566,1.1975965315859567
2024-02-05,622.9945068359375,,0,0,0.0173229539330641,0.0,0.0173229539330641,1.06272756507566,1.2183424411330177
2024-02-15,672.17822265625,,0,0,0.0789472704504354,0.0,0.0789472704504354,1.06272756507566,1.3145272513343895
2024-02-16,658.6768188476562,,0,0,-0.0200860476485539,-0.0,-0.0200860476485539,1.06272756507566,1.2881235943287646
2024-02-19,653.8547973632812,,0,0,-0.007320769983694,-0.0,-0.007320769983694,1.06272756507566,1.2786935377841144
2024-02-20,662.5343017578125,,0,0,0.0132743606524445,0.0,0.0132743606524445,1.06272756507566,1.2956673769686111
2024-02-21,656.7479858398438,,0,0,-0.0087336095695221,-0.0,-0.0087336095695221,1.06272756507566,1.2843515239662004
2024-02-22,667.3561401367188,,0,0,0.0161525494186469,0.0,0.0161525494186469,1.06272756507566,1.3050970754279791
2024-02-23,672.17822265625,,0,0,0.0072256509373591,0.0,0.0072256509373591,1.06272756507566,1.31452725133439
2024-02-26,673.1425170898438,,0,0,0.0014345814861171,0.0,0.0014345814861171,1.06272756507566,1.3164130477921507
2024-02-27,673.1425170898438,,0,0,0.0,0.0,0.0,1.06272756507566,1.3164130477921507
2024-02-29,665.4273681640625,,0,0,-0.0114613900175786,-0.0,-0.0114613900175786,1.06272756507566,1.3013251244271755
2024-03-01,664.4630126953125,,0,0,-0.0014492272408492,-0.0,-0.0014492272408492,1.06272756507566,1.299439208607654
2024-03-04,699.1809692382812,,1,0,0.0522496450210818,0.0,0.0522496450210818,1.06272756507566,1.3673344459838794
2024-03-05,704.0029907226562,,0,1,0.0068966715293012,0.0068966715293012,0.0068966715293012,1.070056848017121,1.376764502528529
2024-03-06,708.8248901367188,,0,0,0.0068492598435028,0.0,0.0068492598435028,1.070056848017121,1.386194320349658
2024-03-07,732.9346313476562,,0,0,0.0340136774913295,0.0,0.0340136774913295,1.070056848017121,1.433343886902344
2024-03-08,756.079833984375,,0,0,0.031578808868891,0.0,0.031578808868891,1.070056848017121,1.4786071795502267
2024-03-11,738.720947265625,,0,0,-0.0229590658796868,-0.0,-0.0229590658796868,1.070056848017121,1.444659739904755
2024-03-12,742.5784912109375,,0,0,0.0052219230544243,0.0,0.0052219230544243,1.070056848017121,1.4522036419063622
2024-03-13,751.2579345703125,,0,0,0.0116882504167623,0.0,0.0116882504167623,1.070056848017121,1.469177361729098
2024-03-14,756.079833984375,,0,0,0.0064184339255204,0.0,0.0064184339255204,1.070056848017121,1.4786071795502267
2024-03-15,726.1839599609375,,0,0,-0.0395406313985294,-0.0,-0.0395406313985294,1.070056848017121,1.420142118080412
2024-03-18,740.2326049804688,,0,0,0.0193458487024238,0.0,0.0193458487024238,1.070056848017121,1.4476159726327351
2024-03-19,738.2947387695312,,0,0,-0.0026179152308328,-0.0,-0.0026179152308328,1.070056848017121,1.443826236729583
2024-03-20,734.419189453125,,0,0,-0.0052493253884828,-0.0,-0.0052493253884828,1.070056848017121,1.4362471230085607
2024-03-21,759.6103515625,,0,0,0.0343007950651905,0.0,0.0343007950651905,1.070056848017121,1.485511541237847
2024-03-22,760.5792236328125,,0,0,0.0012754856069556,0.0,0.0012754856069556,1.070056848017121,1.4874062898276623
2024-03-25,755.7349243164062,,0,0,-0.0063692238308431,-0.0,-0.0063692238308431,1.070056848017121,1.477932666240346
2024-03-26,757.6726684570312,,0,0,0.0025640526569257,0.0,0.0025640526569257,1.070056848017121,1.4817221634199769
2024-03-27,754.7659301757812,,0,0,-0.0038364037694132,-0.0,-0.0038364037694132,1.070056848017121,1.476037678927009
2024-03-28,745.0770263671875,,0,0,-0.0128369649731503,-0.0,-0.0128369649731503,1.070056848017121,1.4570898349435732
2024-03-29,751.859375,,0,0,0.0091028825111969,0.0,0.0091028825111969,1.070056848017121,1.470353552519324
2024-04-01,746.0459594726562,,0,0,-0.0077320516583885,-0.0,-0.0077320516583885,1.070056848017121,1.4589847028951497
2024-04-02,765.4237060546875,,0,0,0.025973931412655,0.0,0.025973931412655,1.070056848017121,1.496880271500261
2024-04-03,755.7349243164062,,0,0,-0.0126580633205382,-0.0,-0.0126580633205382,1.070056848017121,1.4779326662403462
2024-04-08,758.6415405273438,,0,0,0.0038460789853884,0.0,0.0038460789853884,1.070056848017121,1.4836169120097924
2024-04-09,793.5216064453125,,0,0,0.0459770050210051,0.0,0.0459770050210051,1.070056848017121,1.5518291742225148
2024-04-10,789.6460571289062,,0,0,-0.0048839871339702,-0.0,-0.0048839871339702,1.070056848017121,1.5442500605014924
2024-04-11,794.4904174804688,,0,0,0.006134850301382,0.0,0.006134850301382,1.070056848017121,1.5537238034505692
2024-04-12,792.5526733398438,,0,0,-0.0024389773595634,-0.0,-0.0024389773595634,1.070056848017121,1.5499343062709383
2024-04-15,780.9259643554688,,0,0,-0.0146699511281435,-0.0,-0.0146699511281435,1.070056848017121,1.5271968457461107
2024-04-16,763.4859619140625,,0,0,-0.0223324658641619,-0.0,-0.0223324658641619,1.070056848017121,1.49309077432063
2024-04-17,778.98828125,,0,0,0.0203046553692658,0.0,0.0203046553692658,1.070056848017121,1.5234074679282406
2024-04-18,778.98828125,,0,0,0.0,0.0,0.0,1.070056848017121,1.5234074679282406
2024-04-19,726.6680908203125,,0,0,-0.0671642843532025,-0.0,-0.0671642843532025,1.070056848017121,1.421088895566516
2024-04-22,718.9170532226562,,0,0,-0.0106665445965934,-0.0,-0.0106665445965934,1.070056848017121,1.405930787486232
2024-04-23,730.5437622070312,,0,0,0.0161725319106793,0.0,0.0161725319106793,1.070056848017121,1.4286682480110595
2024-04-24,758.6415405273438,,0,0,0.0384614581273363,0.0,0.0384614581273363,1.070056848017121,1.483616912009792
2024-04-25,742.17041015625,,0,0,-0.0217113478384592,-0.0,-0.0217113478384592,1.070056848017121,1.4514055891741264
2024-04-26,757.6726684570312,,0,0,0.0208877342570388,0.0,0.0208877342570388,1.070056848017121,1.4817221634199764
2024-04-29,770.2681884765625,,0,0,0.0166239598495501,0.0,0.0166239598495501,1.070056848017121,1.5063542531728586
2024-04-30,765.4237060546875,,0,0,-0.0062893450545535,-0.0,-0.0062893450545535,1.070056848017121,1.4968802715002605
2024-05-02,747.9835815429688,,0,0,-0.0227849286268025,-0.0,-0.0227849286268025,1.070056848017121,1.462773961351258
2024-05-03,755.7349243164062,,0,0,0.0103629851840434,0.0,0.0103629851840434,1.070056848017121,1.4779326662403456
2024-05-06,761.5481567382812,,0,0,0.0076921579707769,0.0,0.0076921579707769,1.070056848017121,1.489301157779238
2024-05-07,775.1126708984375,,0,0,0.017811761528323,0.0,0.017811761528323,1.070056848017121,1.5158282348454573
2024-05-08,777.0503540039062,,0,0,0.0024998728290981,0.0,0.0024998728290981,1.070056848017121,1.5196176126633272
2024-05-09,771.2369995117188,,0,0,-0.0074813098819568,-0.0,-0.0074813098819568,1.070056848017121,1.5082488824009137
2024-05-10,777.0503540039062,,0,0,0.007537701764656,0.0,0.007537701764656,1.070056848017121,1.5196176126633274
2024-05-13,793.5216064453125,,0,0,0.0211971493951901,0.0,0.0211971493951901,1.070056848017121,1.551829174222514
2024-05-14,799.3348999023438,,0,0,0.0073259422425466,0.0,0.0073259422425466,1.070056848017121,1.563197785123167
2024-05-15,812.8993530273438,,0,0,0.0169696745715184,0.0,0.0169696745715184,1.070056848017121,1.5897247428276255
2024-05-16,814.8372192382812,,0,0,0.0023838943944543,0.0,0.0023838943944543,1.070056848017121,1.5935144787307776
2024-05-17,809.0238647460938,,0,0,-0.0071343752530375,-0.0,-0.0071343752530375,1.070056848017121,1.5821457484683636
2024-05-20,809.0238647460938,,0,0,0.0,0.0,0.0,1.070056848017121,1.5821457484683636
2024-05-21,814.8372192382812,,0,0,0.0071856403074239,0.0,0.0071856403074239,1.070056848017121,1.5935144787307771
2024-05-22,837.1217041015625,,0,0,0.027348388533495,0.0,0.027348388533495,1.070056848017121,1.6370945318288566
2024-05-23,847.7794189453125,,0,0,0.0127313803853508,0.0,0.0127313803853508,1.070056848017121,1.6579370050403477
2024-05-24,840.0283203125,,0,0,-0.0091428247249211,-0.0,-0.0091428247249211,1.070056848017121,1.642778777598303
2024-05-27,841.9662475585938,,0,0,0.0023069784663602,0.0,0.0023069784663602,1.070056848017121,1.646568632863216
2024-05-28,838.0905151367188,,0,0,-0.0046031921506511,-0.0,-0.0046031921506511,1.070056848017121,1.6389891610569114
2024-05-29,830.3395385742188,,0,0,-0.0092483764253501,-0.0,-0.0092483764253501,1.070056848017121,1.6238311723383885
2024-05-30,811.9304809570312,,0,0,-0.0221705179170412,-0.0,-0.0221705179170412,1.070056848017121,1.5878299942378098
2024-05-31,795.4594116210938,,1,0,-0.0202863049512845,-0.0,-0.0202863049512845,1.070056848017121,1.5556187907639052
2024-06-03,819.681640625,,0,1,0.030450615895716,0.030450615895716,0.030450615895716,1.102640738082671,1.6029883410416153
2024-06-04,812.8993530273438,,0,0,-0.0082742948743914,-0.0,-0.0082742948743914,1.102640738082671,1.589724742827625
2024-06-05,827.4327392578125,,0,0,0.0178784571255279,0.0,0.0178784571255279,1.102640738082671,1.61814656848366
2024-06-06,866.1884155273438,,0,0,0.046838461219572,0.0,0.046838461219572,1.102640738082671,1.6939380637791654
2024-06-07,851.6549682617188,,0,0,-0.0167786211465053,-0.0,-0.0167786211465053,1.102640738082671,1.66551611876137
2024-06-11,855.5306396484375,,0,0,0.004550752982313,0.0,0.004550752982313,1.102640738082671,1.6730954712059138
2024-06-12,880.7217407226562,,0,0,0.0294450016244542,0.0,0.0294450016244542,1.102640738082671,1.722359770073439
2024-06-13,893.8521728515625,,0,0,0.0149087180681293,0.0,0.0149087180681293,1.102640738082671,1.748037946297352
2024-06-14,896.7700805664062,,0,0,0.003264418662803,0.0,0.003264418662803,1.102640738082671,1.7537442739925329
2024-06-17,895.7974243164062,,0,0,-0.0010846216561838,-0.0,-0.0010846216561838,1.102640738082671,1.751842124973552
2024-06-18,917.1954345703124,,0,0,0.0238871084835228,0.0,0.0238871084835228,1.102640738082671,1.7936885678588004
2024-06-19,954.1555786132812,,0,0,0.0402969123590151,0.0,0.0402969123590151,1.102640738082671,1.8659686788771737
2024-06-20,954.1555786132812,,0,0,0.0,0.0,0.0,1.102640738082671,1.8659686788771737
2024-06-21,943.4566040039062,,0,0,-0.0112130294568149,-0.0,-0.0112130294568149,1.102640738082671,1.84504551711543
2024-06-24,914.2774047851562,,0,0,-0.0309279717741306,-0.0,-0.0309279717741306,1.102640738082671,1.7879820014400978
2024-06-25,919.140625,,0,0,0.0053191954535796,0.0,0.0053191954535796,1.102640738082671,1.79749262717324
2024-06-26,933.730224609375,,0,0,0.0158730875478112,0.0,0.0158730875478112,1.102640738082671,1.826024385010906
2024-06-27,933.730224609375,,0,0,0.0,0.0,0.0,1.102640738082671,1.826024385010906
2024-06-28,939.5659790039062,,0,0,0.0062499362671617,0.0,0.0062499362671617,1.102640738082671,1.837436921039508
2024-07-01,941.5112915039062,,0,0,0.0020704373545563,0.0,0.0020704373545563,1.102640738082671,1.841241219077469
2024-07-02,933.730224609375,,0,0,-0.0082644435226074,-0.0,-0.0082644435226074,1.102640738082671,1.8260243850109064
2024-07-03,952.2102661132812,,0,0,0.0197916282635461,0.0,0.0197916282635461,1.102640738082671,1.8621643808392128
2024-07-04,977.4988403320312,,0,0,0.026557762627337,0.0,0.026557762627337,1.102640738082671,1.9116193004386224
2024-07-05,977.4988403320312,,0,0,0.0,0.0,0.0,1.102640738082671,1.9116193004386224
2024-07-08,1006.6777954101562,,0,0,0.0298506288439315,0.0,0.0298506288439315,1.102640738082671,1.968682338666912
2024-07-09,1011.5410766601562,,0,0,0.0048310206822617,0.0,0.0048310206822617,1.102640738082671,1.9781930837618151
2024-07-10,1016.4041137695312,,0,0,0.0048075527742594,0.0,0.0048075527742594,1.102640738082671,1.9877033514096751
2024-07-11,1050.446533203125,,0,0,0.0334929965083876,0.0,0.0334929965083876,1.102640738082671,2.0542774928181498
2024-07-12,1011.5410766601562,,0,0,-0.037037065013042,-0.0,-0.037037065013042,1.102640738082671,1.978193083761815
2024-07-15,1011.5410766601562,,0,0,0.0,0.0,0.0,1.102640738082671,1.978193083761815
2024-07-16,1026.1304931640625,,0,0,0.0144229600166871,0.0,0.0144229600166871,1.102640738082671,2.006724483514198
2024-07-17,1001.814697265625,,0,0,-0.0236965922564682,-0.0,-0.0236965922564682,1.102640738082671,1.9591719516572907
2024-07-18,977.4988403320312,,1,0,-0.0242718109446407,-0.0,-0.0242718109446407,1.102640738082671,1.9116193004386224
2024-07-19,943.4566040039062,,0,1,-0.0348258585315167,-0.0348258585315167,-0.0348258585315167,1.0642403277271166,1.8450455171154296
2024-07-22,913.3048706054688,,0,0,-0.0319587920318512,-0.0,-0.0319587920318512,1.0642403277271166,1.7860800911446382
2024-07-23,952.2102661132812,,0,0,0.0425984758868311,0.0,0.0425984758868311,1.0642403277271166,1.8621643808392123
2024-07-26,898.71533203125,,0,0,-0.0561797493534554,-0.0,-0.0561797493534554,1.0642403277271166,1.7575484526687328
2024-07-29,918.1680297851562,,0,0,0.0216450048870757,0.0,0.0216450048870757,1.0642403277271166,1.79559059751602
2024-07-30,914.2774047851562,,0,0,-0.0042373779894191,-0.0,-0.0042373779894191,1.0642403277271166,1.7879820014400976
2024-07-31,908.441650390625,,0,0,-0.0063829143802395,-0.0,-0.0063829143802395,1.0642403277271166,1.776569465411496
2024-08-01,933.730224609375,,0,0,0.027837312619777,0.0,0.027837312619777,1.0642403277271166,1.826024385010906
2024-08-02,878.2899780273438,,1,0,-0.0593750155246657,-0.0,-0.0593750155246657,1.0642403277271166,1.7176041588024653
2024-08-05,792.697998046875,,0,1,-0.0974529849158816,-0.0974529849158816,-0.0974529849158816,0.9605269311222532,1.5502185066232332
2024-08-06,855.9193725585938,,0,0,0.0797546791684722,0.0,0.0797546791684722,0.9605269311222532,1.6738556862599974
2024-08-07,894.8247680664062,,0,0,0.0454545097998106,0.0,0.0454545097998106,0.9605269311222532,1.7499399759545713
2024-08-08,871.4815673828125,,0,0,-0.0260868960232685,-0.0,-0.0260868960232685,0.9605269311222532,1.7042894737548833
2024-08-09,908.441650390625,,0,0,0.0424106308052034,0.0,0.0424106308052034,0.9605269311222532,1.776569465411496
2024-08-12,914.2774047851562,,0,0,0.0064239176968845,0.0,0.0064239176968845,0.9605269311222532,1.7879820014400978
2024-08-13,915.2501220703124,,0,0,0.0010639192000865,0.0,0.0010639192000865,0.9605269311222532,1.789884269820839
2024-08-14,922.05859375,,0,0,0.0074389191713917,0.0,0.0074389191713917,0.9605269311222532,1.8031990742301816
2024-08-15,917.1954345703124,,0,0,-0.005274240935068,-0.0,-0.005274240935068,0.9605269311222532,1.7936885678588002
2024-08-16,942.4840087890624,,1,0,0.0275716311547027,0.0,0.0275716311547027,0.9605269311222532,1.84314348745821
2024-08-19,946.3744506835938,,0,1,0.0041278598451022,0.0041278598451022,0.0041278598451022,0.964491851671372,1.8507517254488504
2024-08-20,946.3744506835938,,0,0,0.0,0.0,0.0,0.964491851671372,1.8507517254488504
2024-08-21,931.784912109375,,0,0,-0.0154162430776531,-0.0,-0.0154162430776531,0.964491851671372,1.822220086972945
2024-08-22,924.9765014648438,,0,0,-0.0073068479174216,-0.0,-0.0073068479174216,0.964491851671372,1.808905401925363
2024-08-23,923.0311889648438,,0,0,-0.0021030939671649,-0.0,-0.0021030939671649,0.964491851671372,1.8051011038874016
2024-08-26,924.0038452148438,,0,0,0.0010537631464986,0.0,0.0010537631464986,0.964491851671372,1.8070032529063824
2024-08-27,916.2227783203124,,0,0,-0.0084210330236472,-0.0,-0.0084210330236472,0.964491851671372,1.7917864188398196
2024-08-28,937.6207885742188,,0,0,0.0233545931843504,0.0,0.0233545931843504,0.964491851671372,1.833632861725068
2024-08-29,917.1954345703124,,0,0,-0.0217842375647043,-0.0,-0.0217842375647043,0.964491851671372,1.7936885678588002
2024-08-30,918.1680297851562,,0,0,0.001060401282197,0.0,0.001060401282197,0.964491851671372,1.7955905975160198
2024-09-02,922.05859375,,0,0,0.0042373115144884,0.0,0.0042373115144884,0.964491851671372,1.8031990742301816
2024-09-03,914.2774047851562,,0,0,-0.0084389311238863,-0.0,-0.0084389311238863,0.964491851671372,1.7879820014400971
2024-09-04,864.6730346679688,,1,0,-0.0542552729156026,-0.0,-0.0542552729156026,0.964491851671372,1.6909745499837794
2024-09-05,877.3173217773438,,0,1,0.0146232004496709,0.0146232004496709,0.0146232004496709,0.9785958093504366,1.7157020097834843
2024-09-06,892.8794555664062,,0,0,0.0177383181692292,0.0,0.0177383181692292,0.9785958093504366,1.7461356779166095
2024-09-09,874.3994140625,,0,0,-0.0206971292582639,-0.0,-0.0206971292582639,0.9785958093504366,1.709995682088303
2024-09-10,879.2625732421875,,0,0,0.0055617136762398,0.0,0.0055617136762398,0.9785958093504366,1.719506188459685
2024-09-11,876.3446655273438,,0,0,-0.0033185851458277,-0.0,-0.0033185851458277,0.9785958093504366,1.7137998607645035
2024-09-12,918.3546752929688,,0,0,0.0479377708545134,0.0,0.0479377708545134,0.9785958093504366,1.7959556057803296
2024-09-13,925.1934814453124,,0,0,0.0074468027836436,0.0,0.0074468027836436,0.9785958093504366,1.809329732984755
2024-09-16,925.1934814453124,,0,0,0.0,0.0,0.0,0.9785958093504366,1.809329732984755
2024-09-18,919.3316040039062,,0,0,-0.0063358395394755,-0.0,-0.0063358395394755,0.9785958093504366,1.7978661101225617
2024-09-19,937.8941650390624,,1,0,0.0201913661559245,0.0,0.0201913661559245,0.9785958093504366,1.834167483051374
2024-09-20,950.5947265625,,1,1,0.0135415721697218,0.0135415721697218,0.0135415721697218,0.9918475351277428,1.859004994394471
2024-09-23,954.5027465820312,,0,1,0.0041111316003858,0.0041111316003858,0.0041111316003858,0.9959251508721714,1.8666476085722012
2024-09-24,964.2723388671876,,0,0,0.0102352689084868,0.0,0.0102352689084868,0.9959251508721714,1.8857532488033215
2024-09-25,981.85791015625,,0,0,0.0182371417080384,0.0,0.0182371417080384,0.9959251508721714,1.9201439980281416
2024-09-26,991.6276245117188,,0,0,0.0099502323650007,0.0,0.0099502323650007,0.9959251508721714,1.9392498769827835
2024-09-27,976.9730224609376,,0,0,-0.014778331793648,-0.0,-0.014778331793648,0.9959251508721714,1.9105909988699403
2024-09-30,934.9632568359376,,0,0,-0.0429999239069875,-0.0,-0.0429999239069875,0.9959251508721714,1.8284357313011577
2024-10-01,949.6177368164062,,0,0,0.0156738565642267,0.0,0.0156738565642267,0.9959251508721714,1.857094370690479
2024-10-04,954.5027465820312,,0,0,0.0051441854719374,0.0,0.0051441854719374,0.9959251508721714,1.8666476085722017
2024-10-07,981.85791015625,,0,0,0.0286590726660289,0.0,0.0286590726660289,0.9959251508721714,1.9201439980281416
2024-10-08,986.7427368164062,,0,0,0.0049750851010397,0.0,0.0049750851010397,0.9959251508721714,1.9296968778245824
2024-10-09,996.5125122070312,,0,0,0.0099010360310791,0.0,0.0099010360310791,0.9959251508721714,1.9488028761409844
2024-10-11,1020.936767578125,,0,0,0.0245097327649204,0.0,0.0245097327649204,0.9959251508721714,1.9965675138467085
2024-10-14,1020.936767578125,,0,0,0.0,0.0,0.0,0.9959251508721714,1.9965675138467085
2024-10-15,1045.3612060546875,,0,0,0.0239235565337727,0.0,0.0239235565337727,0.9959251508721714,2.044332509637714
2024-10-16,1020.936767578125,,0,0,-0.0233645923869157,-0.0,-0.0233645923869157,0.9959251508721714,1.9965675138467085
2024-10-17,1011.1669921875,,0,0,-0.0095694226135091,-0.0,-0.0095694226135091,0.9959251508721714,1.977461515530306
2024-10-18,1060.0157470703125,,0,0,0.048309285469392,0.0,0.048309285469392,0.9959251508721714,2.072991268388796
2024-10-21,1060.0157470703125,,0,0,0.0,0.0,0.0,0.9959251508721714,2.072991268388796
2024-10-22,1050.2459716796875,,0,0,-0.0092166323166678,-0.0,-0.0092166323166678,0.9959251508721714,2.053885270072393
2024-10-23,1035.5914306640625,,0,0,-0.0139534370145572,-0.0,-0.0139534370145572,0.9959251508721714,2.0252265113213115
2024-10-24,1035.5914306640625,,0,0,0.0,0.0,0.0,0.9959251508721714,2.0252265113213115
2024-10-25,1040.476318359375,,0,0,0.0047170028166225,0.0,0.0047170028166225,0.9959251508721714,2.0347795104795128
2024-10-28,1025.82177734375,,0,0,-0.0140844541649274,-0.0,-0.0140844541649274,0.9959251508721714,2.0061207517284307
2024-10-29,1016.0519409179688,,0,0,-0.0095239120883933,-0.0,-0.0095239120883933,0.9959251508721714,1.987014634050268
2024-10-30,1006.2821655273438,,0,0,-0.009615429090956,-0.0,-0.009615429090956,0.9959251508721714,1.967908635733865
2024-11-01,1001.3973388671876,,0,0,-0.0048543309496063,-0.0,-0.0048543309496063,0.9959251508721714,1.958355755937425
2024-11-04,1016.0519409179688,,0,0,0.0146341531797546,0.0,0.0146341531797546,0.9959251508721714,1.9870146340502677
2024-11-05,1025.82177734375,,0,0,0.0096154891618578,0.0,0.0096154891618578,0.9959251508721714,2.0061207517284307
2024-11-06,1035.5914306640625,,0,0,0.0095237335920181,0.0,0.0095237335920181,0.9959251508721714,2.0252265113213115
2024-11-07,1040.476318359375,,0,0,0.0047170028166225,0.0,0.0047170028166225,0.9959251508721714,2.0347795104795128
2024-11-08,1064.9005126953125,,0,0,0.0234740511676898,0.0,0.0234740511676898,0.9959251508721714,2.082544028823476
2024-11-11,1060.0157470703125,,0,0,-0.0045870628915714,-0.0,-0.0045870628915714,0.9959251508721714,2.072991268388796
2024-11-12,1025.82177734375,,0,0,-0.0322579827904144,-0.0,-0.0322579827904144,0.9959251508721714,2.0061207517284307
2024-11-13,1011.1669921875,,0,0,-0.0142858978819858,-0.0,-0.0142858978819858,0.9959251508721714,1.9774615155303057
2024-11-14,1011.1669921875,,0,0,0.0,0.0,0.0,0.9959251508721714,1.9774615155303057
2024-11-15,1011.1669921875,,0,0,0.0,0.0,0.0,0.9959251508721714,1.9774615155303057
2024-11-18,1001.3973388671876,,0,0,-0.0096617605161115,-0.0,-0.0096617605161115,0.9959251508721714,1.958355755937425
2024-11-19,1016.0519409179688,,0,0,0.0146341531797546,0.0,0.0146341531797546,0.9959251508721714,1.9870146340502677
2024-11-20,1001.3973388671876,,0,0,-0.0144230835655323,-0.0,-0.0144230835655323,0.9959251508721714,1.9583557559374247
2024-11-21,986.7427368164062,,0,0,-0.0146341531797548,-0.0,-0.0146341531797548,0.9959251508721714,1.929696877824582
2024-11-22,1016.0519409179688,,0,0,0.0297029843828642,0.0,0.0297029843828642,0.9959251508721714,1.9870146340502677
2024-11-25,1006.2821655273438,,0,0,-0.009615429090956,-0.0,-0.009615429090956,0.9959251508721714,1.967908635733865
2024-11-26,986.7427368164062,,0,0,-0.0194174451066593,-0.0,-0.0194174451066593,0.9959251508721714,1.929696877824582
2024-11-27,976.9730224609376,,0,0,-0.0099009741758925,-0.0,-0.0099009741758925,0.9959251508721714,1.9105909988699403
2024-11-28,981.85791015625,,0,0,0.0050000231152829,0.0,0.0050000231152829,0.9959251508721714,1.9201439980281412
2024-11-29,973.0651245117188,,0,0,-0.0089552526425458,-0.0,-0.0089552526425458,0.9959251508721714,1.9029486234157316
2024-12-02,1011.1669921875,,0,0,0.0391565443216359,0.0,0.0391565443216359,0.9959251508721714,1.9774615155303052
2024-12-03,1030.7066650390625,,0,0,0.0193238831988487,0.0,0.0193238831988487,0.9959251508721714,2.015673750886632
2024-12-04,1045.3612060546875,,0,0,0.0142179550328895,0.0,0.0142179550328895,0.9959251508721714,2.0443325096377136
2024-12-05,1050.2459716796875,,0,0,0.0046728017040498,0.0,0.0046728017040498,0.9959251508721714,2.053885270072393
2024-12-06,1040.476318359375,,0,0,-0.009302252599634,-0.0,-0.009302252599634,0.9959251508721714,2.0347795104795123
2024-12-09,1050.2459716796875,,0,0,0.0093895970027624,0.0,0.0093895970027624,0.9959251508721714,2.053885270072393
2024-12-10,1040.476318359375,,0,0,-0.009302252599634,-0.0,-0.009302252599634,0.9959251508721714,2.0347795104795123
2024-12-11,1020.936767578125,,0,0,-0.0187794286486596,-0.0,-0.0187794286486596,0.9959251508721714,1.996567513846708
2024-12-12,1039.5703125,,0,0,0.0182514192001113,0.0,0.0182514192001113,0.9959251508721714,2.033007704503248
2024-12-13,1044.473876953125,,0,0,0.0047169146657648,0.0,0.0047169146657648,0.9959251508721714,2.042597228360232
2024-12-16,1064.08837890625,,0,0,0.0187793130933473,0.0,0.0187793130933473,0.9959251508721714,2.0809558012352123
2024-12-17,1054.2811279296875,,0,0,-0.0092165755880569,-0.0,-0.0092165755880569,0.9959251508721714,2.0617765147977223
2024-12-18,1064.08837890625,,0,0,0.0093023110409091,0.0,0.0093023110409091,0.9959251508721714,2.0809558012352123
2024-12-19,1049.3775634765625,,0,0,-0.0138248060229813,-0.0,-0.0138248060229813,0.9959251508721714,2.0521869909407378
2024-12-20,1015.052001953125,,0,0,-0.0327104015924618,-0.0,-0.0327104015924618,0.9959251508721714,1.9850591303242404
2024-12-23,1059.1849365234375,,0,0,0.0434784961611756,0.0,0.0434784961611756,0.9959251508721714,2.0713665161017496
2024-12-24,1059.1849365234375,,0,0,0.0,0.0,0.0,0.9959251508721714,2.0713665161017496
2024-12-25,1064.08837890625,,0,0,0.0046294487522708,0.0,0.0046294487522708,0.9959251508721714,2.0809558012352127
2024-12-26,1064.08837890625,,0,0,0.0,0.0,0.0,0.9959251508721714,2.0809558012352127
2024-12-27,1068.991943359375,,0,0,0.0046082304349241,0.0,0.0046082304349241,0.9959251508721714,2.090545325092197
2024-12-30,1068.991943359375,,0,0,0.0,0.0,0.0,0.9959251508721714,2.090545325092197
2024-12-31,1054.2811279296875,,0,0,-0.013761390365074,-0.0,-0.013761390365074,0.9959251508721714,2.0617765147977223
2025-01-02,1044.473876953125,,0,0,-0.0093023110409091,-0.0,-0.0093023110409091,0.9959251508721714,2.0425972283602323
2025-01-03,1054.2811279296875,,0,0,0.0093896565466735,0.0,0.0093896565466735,0.9959251508721714,2.0617765147977223
2025-01-06,1103.3175048828125,,1,0,0.0465116709898987,0.0,0.0465116709898987,0.9959251508721714,2.157673185708694
2025-01-07,1108.2210693359375,,0,1,0.0044443819946877,0.0044443819946877,0.0044443819946877,1.0003514226807644,2.1672627095656787
2025-01-08,1083.7030029296875,,0,0,-0.0221238046132271,-0.0,-0.0221238046132271,1.0003514226807644,2.119314612833714
2025-01-09,1078.79931640625,,0,0,-0.0045249358082249,-0.0,-0.0045249358082249,1.0003514226807644,2.109724850253208
2025-01-10,1078.79931640625,,0,0,0.0,0.0,0.0,1.0003514226807644,2.109724850253208
2025-01-13,1054.2811279296875,,0,0,-0.0227272933007027,-0.0,-0.0227272933007027,1.0003514226807644,2.0617765147977223
2025-01-14,1068.991943359375,,0,0,0.0139534086686872,0.0,0.0139534086686872,1.0003514226807644,2.0905453250921964
2025-01-15,1044.473876953125,,0,0,-0.0229356886724519,-0.0,-0.0229356886724519,1.0003514226807644,2.042597228360232
2025-01-16,1083.7030029296875,,0,0,0.0375587430592321,0.0,0.0375587430592321,1.0003514226807644,2.1193146128337133
2025-01-17,1098.4139404296875,,0,0,0.0135746947828236,0.0,0.0135746947828236,1.0003514226807644,2.148083661851709
2025-01-20,1098.4139404296875,,0,0,0.0,0.0,0.0,1.0003514226807644,2.148083661851709
2025-01-21,1098.4139404296875,,0,0,0.0,0.0,0.0,1.0003514226807644,2.148083661851709
2025-01-22,1113.124755859375,,0,0,0.0133927792503552,0.0,0.0133927792503552,1.0003514226807644,2.176852472146184
2025-02-03,1049.3775634765625,,0,0,-0.0572686862341833,-0.0,-0.0572686862341833,1.0003514226807644,2.0521869909407378
2025-02-04,1073.895751953125,,0,0,0.0233645060938165,0.0,0.0233645060938165,1.0003514226807644,2.100135326396224
2025-02-05,1088.6065673828125,,0,0,0.0136985507233198,0.0,0.0136985507233198,1.0003514226807644,2.1289041366906982
2025-02-06,1093.5101318359375,,0,0,0.0045044413657304,0.0,0.0045044413657304,1.0003514226807644,2.1384936605476823
2025-02-07,1103.3175048828125,,0,0,0.0089687079811588,0.0,0.0089687079811588,1.0003514226807644,2.157673185708694
2025-02-10,1083.7030029296875,,0,0,-0.0177777492574164,-0.0,-0.0177777492574164,1.0003514226807644,2.119314612833714
2025-02-11,1088.6065673828125,,0,0,0.0045248231663737,0.0,0.0045248231663737,1.0003514226807644,2.1289041366906987
2025-02-12,1078.79931640625,,0,0,-0.0090089948659236,-0.0,-0.0090089948659236,1.0003514226807644,2.1097248502532087
2025-02-13,1068.991943359375,,0,0,-0.0090910078433733,-0.0,-0.0090910078433733,1.0003514226807644,2.0905453250921973
2025-02-14,1039.5703125,,1,0,-0.0275227807301481,-0.0,-0.0275227807301481,1.0003514226807644,2.0330077045032486
2025-02-17,1064.08837890625,,0,1,0.0235848081764551,0.0235848081764551,0.0235848081764551,1.0239445190937342,2.080955801235213
2025-02-18,1078.79931640625,,0,0,0.0138249207411897,0.0,0.0138249207411897,1.0239445190937342,2.109724850253209
2025-02-19,1068.991943359375,,0,0,-0.0090910078433733,-0.0,-0.0090910078433733,1.0239445190937342,2.0905453250921977
2025-02-20,1059.1849365234375,,0,0,-0.0091740699234068,-0.0,-0.0091740699234068,1.0239445190937342,2.0713665161017505
2025-02-21,1073.895751953125,,0,0,0.0138888072539746,0.0,0.0138888072539746,1.0239445190937342,2.100135326396225
2025-02-24,1054.2811279296875,,0,0,-0.0182649237486635,-0.0,-0.0182649237486635,1.0239445190937342,2.061776514797723
2025-02-25,1034.666748046875,,0,0,-0.0186045062964653,-0.0,-0.0186045062964653,1.0239445190937342,2.023418180646265
2025-02-26,1039.5703125,,0,0,0.0047392693950794,0.0,0.0047392693950794,1.0239445190937342,2.0330077045032486
2025-02-27,1019.9556884765624,,0,0,-0.0188680109345057,-0.0,-0.0188680109345057,1.0239445190937342,1.994648892904747
2025-03-03,1000.3412475585938,,1,0,-0.019230679469287,-0.0,-0.019230679469287,1.0239445190937342,1.956290439391528
2025-03-04,980.7266235351562,,0,1,-0.0196079328642184,-0.0196079328642184,-0.0196079328642184,1.0038670837066597,1.917931627793026
2025-03-05,1000.3412475585938,,0,0,0.0200000933519415,0.0,0.0200000933519415,1.0038670837066597,1.956290439391528
2025-03-06,985.6303100585938,,0,0,-0.0147059191409962,-0.0,-0.0147059191409962,1.0038670837066597,1.927521390373532
2025-03-07,985.6303100585938,,0,0,0.0,0.0,0.0,1.0038670837066597,1.927521390373532
2025-03-10,978.7651977539062,,0,0,-0.0069652000700742,-0.0,-0.0069652000700742,1.0038670837066597,1.9140958182502323
2025-03-11,952.28564453125,,0,0,-0.027054040420953,-0.0,-0.027054040420953,1.0038670837066597,1.8623117926137132
2025-03-12,968.9579467773438,,0,0,0.0175076694076392,0.0,0.0175076694076392,1.0038670837066597,1.8949165318127423
2025-03-13,946.4011840820312,,0,0,-0.0232794031674274,-0.0,-0.0232794031674274,1.0038670837066597,1.85080400590005
2025-03-14,940.516845703125,,0,0,-0.0062175940582891,-0.0,-0.0062175940582891,1.0038670837066597,1.8392964579099085
2025-03-17,951.3048706054688,,0,0,0.0114703154458426,0.0,0.0114703154458426,1.0038670837066597,1.860393768480556
2025-03-18,956.7240600585938,,0,0,0.0056965854171184,0.0,0.0056965854171184,1.0038670837066597,1.8709916604921808
2025-03-19,938.00341796875,,0,0,-0.019567441513593,-0.0,-0.019567441513593,1.0038670837066597,1.8343811406030797
2025-03-20,970.5182495117188,,0,0,0.0346638732014215,0.0,0.0346638732014215,1.0038670837066597,1.897967895864024
2025-03-21,957.7093505859376,,0,0,-0.0131979990404359,-0.0,-0.0131979990404359,1.0038670837066597,1.872918517395632
2025-03-24,957.7093505859376,,0,0,0.0,0.0,0.0,1.0038670837066597,1.872918517395632
2025-03-25,975.4447021484376,,0,0,0.018518511437368,0.0,0.018518511437368,1.0038670837066597,1.9076021803812813
2025-03-26,965.5917358398438,,0,0,-0.0101009993563883,-0.0,-0.0101009993563883,1.0038670837066597,1.8883334919850048
2025-03-27,943.9151611328124,,0,0,-0.0224490060368811,-0.0,-0.0224490060368811,1.0038670837066597,1.845942282023789
2025-03-28,938.00341796875,,0,0,-0.0062630026590183,-0.0,-0.0062630026590183,1.0038670837066597,1.83438114060308
2025-03-31,896.6209106445312,,0,0,-0.044117650886425,-0.0,-0.044117650886425,1.0038670837066597,1.7534525538493109
2025-04-01,930.1209716796876,,0,0,0.0373625694398258,0.0,0.0373625694398258,1.0038670837066597,1.8189660466519455
2025-04-02,928.1504516601562,,0,0,-0.0021185631541805,-0.0,-0.0021185631541805,1.0038670837066597,1.8151124522068036
2025-04-07,835.5324096679688,,0,0,-0.0997877465086874,-0.0,-0.0997877465086874,1.0038670837066597,1.6339864709412288
2025-04-08,804.0029296875,,0,0,-0.0377357953032584,-0.0,-0.0377357953032584,1.0038670837066597,1.572326691945497
2025-04-09,773.4586791992188,,0,0,-0.037990222871642,-0.0,-0.037990222871642,1.0038670837066597,1.512593650491456
2025-04-10,850.3119506835938,,0,0,0.0993631250785667,0.0,0.0993631250785667,1.0038670837066597,1.6628896825782842
2025-04-11,875.9296264648438,,0,0,0.030127385320946,0.0,0.030127385320946,1.0038670837066597,1.7129882007915458
2025-04-14,852.2824096679688,,0,0,-0.0269967085053539,-0.0,-0.0269967085053539,1.0038670837066597,1.6667431576616656
2025-04-15,864.1061401367188,,0,0,0.0138730194764389,0.0,0.0138730194764389,1.0038670837066597,1.6898659179501272
2025-04-16,842.4295043945312,,0,0,-0.0250856170733352,-0.0,-0.0250856170733352,1.0038670837066597,1.6474745886271502
2025-04-17,834.5470581054688,,0,0,-0.0093568022581637,-0.0,-0.0093568022581637,1.0038670837066597,1.6320594946760163
2025-04-18,837.5029907226562,,0,0,0.003541960382555,0.0,0.003541960382555,1.0038670837066597,1.6378401847481316
2025-04-21,822.7235717773438,,0,0,-0.0176470043797214,-0.0,-0.0176470043797214,1.0038670837066597,1.6089372118345977
2025-04-22,804.0029296875,,0,0,-0.0227544739594627,-0.0,-0.0227544739594627,1.0038670837066597,1.5723266919454966
2025-04-23,860.1649169921875,,0,0,0.069852963504146,0.0,0.069852963504146,1.0038670837066597,1.68215837097456
2025-04-24,851.2972412109375,,0,0,-0.0103092739613914,-0.0,-0.0103092739613914,1.0038670837066597,1.6648165394817354
2025-04-25,874.9443359375,,0,0,0.0277777180305733,0.0,0.0277777180305733,1.0038670837066597,1.711061343888094
2025-04-28,883.81201171875,,0,0,0.0101351313643835,0.0,0.0101351313643835,1.0038670837066597,1.7284031753809186
2025-04-29,888.7384643554688,,0,0,0.0055740955897829,0.0,0.0055740955897829,1.0038670837066597,1.7380374598981765
2025-04-30,894.6502685546875,,0,0,0.0066519054101097,0.0,0.0066519054101097,1.0038670837066597,1.7495987206806465
2025-05-02,936.0327758789062,,0,0,0.0462555132197886,0.0,0.0462555132197886,1.0038670837066597,1.830527307434415
2025-05-05,924.209228515625,,0,0,-0.0126315527276054,-0.0,-0.0126315527276054,1.0038670837066597,1.807404905231236
2025-05-06,906.473876953125,,0,0,-0.0191897581362445,-0.0,-0.0191897581362445,1.0038670837066597,1.7727212422455862
2025-05-07,914.3562622070312,,0,0,0.0086956562724132,0.0,0.0086956562724132,1.0038670837066597,1.7881362168349593
2025-05-08,904.503173828125,,0,0,-0.0107759839202318,-0.0,-0.0107759839202318,1.0038670837066597,1.7688672897151616
2025-05-09,935.0474853515624,,0,0,0.0337691590336437,0.0,0.0337691590336437,1.0038670837066597,1.8286004505309632
2025-05-12,942.9298706054688,,0,0,0.0084299304338995,0.0,0.0084299304338995,1.0038670837066597,1.8440154251203364
2025-05-13,954.7534790039062,,0,0,0.012539223506458,0.0,0.012539223506458,1.0038670837066597,1.8671379466852769
2025-05-14,984.3124389648438,,0,0,0.0309597824055862,0.0,0.0309597824055862,1.0038670837066597,1.924944131235866
2025-05-15,978.4005737304688,,0,0,-0.006006086076279,-0.0,-0.006006086076279,1.0038670837066597,1.913382751091635
2025-05-16,983.3270263671876,,0,0,0.005035210290132,0.0,0.005035210290132,1.0038670837066597,1.923017035608893
2025-05-19,969.5328979492188,,0,0,-0.0140280171785066,-0.0,-0.0140280171785066,1.0038670837066597,1.8960409195988104
2025-05-20,963.6211547851562,,0,0,-0.006097516831628,-0.0,-0.006097516831628,1.0038670837066597,1.884479778178101
2025-05-21,975.4447021484376,,0,0,0.0122699126151057,0.0,0.0122699126151057,1.0038670837066597,1.9076021803812804
2025-05-22,967.5623168945312,,0,0,-0.0080808119994348,-0.0,-0.0080808119994348,1.0038670837066597,1.8921872057919071
2025-05-23,969.5328979492188,,0,0,0.0020366451031414,0.0,0.0020366451031414,1.0038670837066597,1.8960409195988104
2025-05-26,961.6505126953124,,0,0,-0.0081300853953272,-0.0,-0.0081300853953272,1.0038670837066597,1.8806259450094367
2025-05-27,950.8121948242188,,0,0,-0.0112705371941372,-0.0,-0.0112705371941372,1.0038670837066597,1.8594302803479488
2025-05-28,952.7828979492188,,0,0,0.0020726523447296,0.0,0.0020726523447296,1.0038670837066597,1.8632842328783727
2025-05-29,952.7828979492188,,0,0,0.0,0.0,0.0,1.0038670837066597,1.8632842328783727
2025-06-02,932.0916137695312,,0,0,-0.0217166830179504,-0.0,-0.0217166830179504,1.0038670837066597,1.8228198798206088
2025-06-03,936.0327758789062,,0,0,0.004228299076135,0.0,0.004228299076135,1.0038670837066597,1.8305273074344144
2025-06-04,975.4447021484376,,0,0,0.0421052844357128,0.0,0.0421052844357128,1.0038670837066597,1.90760218038128
2025-06-05,983.3270263671876,,0,0,0.0080807494278138,0.0,0.0080807494278138,1.0038670837066597,1.9230170356088927
2025-06-06,980.3712158203124,,0,0,-0.0030059283103353,-0.0,-0.0030059283103353,1.0038670837066597,1.9172365842602987
2025-06-09,990.2241821289062,,0,0,0.0100502403065245,0.0,0.0100502403065245,1.0038670837066597,1.936505272656575
2025-06-10,1029.635986328125,,0,0,0.0398008904554183,0.0,0.0398008904554183,1.0038670837066597,2.01357990687992
2025-06-11,1049.342041015625,,0,0,0.0191388558181377,0.0,0.0191388558181377,1.0038670837066597,2.052117522395993
2025-06-12,1034.0052490234375,,0,0,-0.0146156271193933,-0.0,-0.0146156271193933,1.0038670837066597,2.02212453788348
2025-06-13,1019.1629028320312,,0,0,-0.0143542271235316,-0.0,-0.0143542271235316,1.0038670837066597,1.9930985029946344
2025-06-16,1014.215576171875,,0,0,-0.0048543041023262,-0.0,-0.0048543041023262,1.0038670837066597,1.9834233967552075
2025-06-17,1034.0052490234375,,0,0,0.019512294345013,0.0,0.019512294345013,1.0038670837066597,2.02212453788348
2025-06-18,1043.89990234375,,0,0,0.0095692486374294,0.0,0.0095692486374294,1.0038670837066597,2.0414747503623345
2025-06-19,1024.1103515625,,0,0,-0.0189573260202619,-0.0,-0.0189573260202619,1.0038670837066597,2.0027738479575827
2025-06-20,1043.89990234375,,0,0,0.019323650767768,0.0,0.019323650767768,1.0038670837066597,2.041474750362334
2025-06-23,1009.2681884765624,,0,0,-0.0331753205354582,-0.0,-0.0331753205354582,1.0038670837066597,1.973748171154019
2025-06-24,1038.9525146484375,,0,0,0.0294117326898828,0.0,0.0294117326898828,1.0038670837066597,2.031799524761146
2025-06-25,1058.7420654296875,,0,0,0.0190475989058522,0.0,0.0190475989058522,1.0038670837066597,2.0705004271658978
2025-06-26,1063.689453125,,0,0,0.0046728923473013,0.0,0.0046728923473013,1.0038670837066597,2.0801756527670854
2025-06-27,1068.6368408203125,,0,0,0.0046511579867392,0.0,0.0046511579867392,1.0038670837066597,2.089850878368273
2025-06-30,1048.847412109375,,0,0,-0.0185183852502658,-0.0,-0.0185183852502658,1.0038670837066597,2.0511502146870435
2025-07-01,1073.584228515625,,0,0,0.0235847618258415,0.0,0.0235847618258415,1.0038670837066597,2.099526103969461
2025-07-02,1073.584228515625,,0,0,0.0,0.0,0.0,1.0038670837066597,2.099526103969461
2025-07-03,1078.53173828125,,0,0,0.0046084039185874,0.0,0.0046084039185874,1.0038670837066597,2.1092015682941705
2025-07-04,1073.584228515625,,0,0,-0.0045872639534089,-0.0,-0.0045872639534089,1.0038670837066597,2.099526103969461
2025-07-07,1068.6368408203125,,0,0,-0.0046082902150611,-0.0,-0.0046082902150611,1.0038670837066597,2.089850878368273
2025-07-08,1068.6368408203125,,0,0,0.0,0.0,0.0,1.0038670837066597,2.089850878368273
2025-07-09,1078.53173828125,,0,0,0.0092593639700293,0.0,0.0092593639700293,1.0038670837066597,2.1092015682941705
2025-07-10,1088.4263916015625,,0,0,0.0091741883610032,0.0,0.0091741883610032,1.0038670837066597,2.1285517807730248
2025-07-11,1088.4263916015625,,0,0,0.0,0.0,0.0,1.0038670837066597,2.1285517807730248
2025-07-14,1083.4791259765625,,0,0,-0.004545337804351,-0.0,-0.004545337804351,1.0038670837066597,2.1188767938953585
2025-07-15,1098.3212890625,,0,0,0.0136986147034072,0.0,0.0136986147034072,1.0038670837066597,2.147902470698922
2025-07-16,1118.1107177734375,,0,0,0.0180178868496934,0.0,0.0180178868496934,1.0038670837066597,2.186603134380152
2025-07-17,1118.1107177734375,,0,0,0.0,0.0,0.0,1.0038670837066597,2.186603134380152
2025-07-18,1142.8477783203125,,0,0,0.0221239812423366,0.0,0.0221239812423366,1.0038670837066597,2.2349795011096125
2025-07-21,1137.900390625,,0,0,-0.0043289997050909,-0.0,-0.0043289997050909,1.0038670837066597,2.225304275508425
2025-07-22,1118.1107177734375,,0,0,-0.0173913929677912,-0.0,-0.0173913929677912,1.0038670837066597,2.186603134380152
2025-07-23,1132.952880859375,,0,0,0.0132743232400933,0.0,0.0132743232400933,1.0038670837066597,2.215628811183715
2025-07-24,1132.952880859375,,0,0,0.0,0.0,0.0,1.0038670837066597,2.215628811183715
2025-07-25,1132.952880859375,,0,0,0.0,0.0,0.0,1.0038670837066597,2.215628811183715
2025-07-28,1132.952880859375,,0,0,0.0,0.0,0.0,1.0038670837066597,2.215628811183715
2025-07-29,1123.0582275390625,,0,0,-0.0087335082398194,-0.0,-0.0087335082398194,1.0038670837066597,2.1962785987048608
2025-07-30,1142.8477783203125,,0,0,0.017621126221224,0.0,0.017621126221224,1.0038670837066597,2.234979501109612
2025-07-31,1147.795166015625,,0,0,0.004328999705091,0.0,0.004328999705091,1.0038670837066597,2.2446547267108
2025-08-04,1123.0582275390625,,0,0,-0.0215517012172411,-0.0,-0.0215517012172411,1.0038670837066597,2.1962785987048608
2025-08-05,1137.900390625,,0,0,0.013215844665918,0.0,0.013215844665918,1.0038670837066597,2.2253042755084245
2025-08-06,1113.163330078125,,0,0,-0.021739214390539,-0.0,-0.021739214390539,1.0038670837066597,2.176927908778964
2025-08-07,1167.584716796875,,0,0,0.0488889502989022,0.0,0.0488889502989022,1.0038670837066597,2.283355629115552
2025-08-08,1162.63720703125,,0,0,-0.0042373882549592,-0.0,-0.0042373882549592,1.0038670837066597,2.2736801647908425
2025-08-11,1167.584716796875,,0,0,0.0042554201222049,0.0,0.0042554201222049,1.0038670837066597,2.2833556291155515
2025-08-12,1167.584716796875,,0,0,0.0,0.0,0.0,1.0038670837066597,2.2833556291155515
2025-08-13,1187.374267578125,,0,0,0.0169491348221311,0.0,0.0169491348221311,1.0038670837066597,2.322056531520303
2025-08-14,1162.63720703125,,0,0,-0.0208334147221591,-0.0,-0.0208334147221591,1.0038670837066597,2.273680164790842
2025-08-15,1167.584716796875,,0,0,0.0042554201222049,0.0,0.0042554201222049,1.0038670837066597,2.283355629115551
2025-08-18,1167.584716796875,,0,0,0.0,0.0,0.0,1.0038670837066597,2.283355629115551
2025-08-19,1172.5321044921875,,0,0,0.0042372837055326,0.0,0.0042372837055326,1.0038670837066597,2.2930308547167386
2025-08-20,1123.0582275390625,,1,0,-0.0421940488994556,-0.0,-0.0421940488994556,1.0038670837066597,2.19627859870486
2025-08-21,1137.900390625,,0,1,0.013215844665918,0.013215844665918,0.013215844665918,1.017134035150155,2.225304275508424
2025-08-22,1123.0582275390625,,0,0,-0.0130434642682435,-0.0,-0.0130434642682435,1.017134035150155,2.19627859870486
2025-08-25,1157.6898193359375,,0,0,0.0308368621925887,0.0,0.0308368621925887,1.017134035150155,2.264004939189653
2025-08-26,1162.63720703125,,0,0,0.0042735002180034,0.0,0.0042735002180034,1.017134035150155,2.2736801647908416
2025-08-27,1177.4794921875,,0,0,0.0127660503779585,0.0,0.0127660503779585,1.017134035150155,2.3027060803179267
2025-08-28,1147.795166015625,,0,0,-0.0252100578981023,-0.0,-0.0252100578981023,1.017134035150155,2.2446547267107992
2025-08-29,1147.795166015625,,0,0,0.0,0.0,0.0,1.017134035150155,2.2446547267107992
2025-09-01,1152.74267578125,,0,0,0.0043104465954491,0.0,0.0043104465954491,1.017134035150155,2.2543301910355087
2025-09-02,1147.795166015625,,0,0,-0.0042919463897456,-0.0,-0.0042919463897456,1.017134035150155,2.2446547267107992
2025-09-03,1147.795166015625,,0,0,0.0,0.0,0.0,1.017134035150155,2.2446547267107992
2025-09-04,1147.795166015625,,0,0,0.0,0.0,0.0,1.017134035150155,2.2446547267107992
2025-09-05,1167.584716796875,,0,0,0.0172413609737929,0.0,0.0172413609737929,1.017134035150155,2.2833556291155506
2025-09-08,1167.584716796875,,0,0,0.0,0.0,0.0,1.017134035150155,2.2833556291155506
2025-09-09,1187.374267578125,,0,0,0.0169491348221311,0.0,0.0169491348221311,1.017134035150155,2.322056531520302
2025-09-10,1212.1112060546875,,0,0,0.0208333119152213,0.0,0.0208333119152213,1.017134035150155,2.3704326595262413
2025-09-11,1226.9534912109375,,0,0,0.0122449863363283,0.0,0.0122449863363283,1.017134035150155,2.3994585750533264
2025-09-12,1246.7430419921875,,0,0,0.0161290146065102,0.0,0.0161290146065102,1.017134035150155,2.4381594774580777
2025-09-15,1241.795654296875,,0,0,-0.0039682496943451,-0.0,-0.0039682496943451,1.017134035150155,2.42848425185689
2025-09-16,1271.5987548828125,,0,0,0.024000003932058,0.0,0.024000003932058,1.017134035150155,2.4867678834503963
2025-09-17,1256.697265625,,0,0,-0.011718703876197,-0.0,-0.011718703876197,1.017134035150155,2.457626187015404
2025-09-18,1276.56591796875,,0,0,0.0158102137143336,0.0,0.0158102137143336,1.017134035150155,2.49648178226206
2025-09-19,1256.697265625,,0,0,-0.0155641413138811,-0.0,-0.0155641413138811,1.017134035150155,2.4576261870154035
2025-09-22,1286.500244140625,,0,0,0.0237153205715006,0.0,0.0237153205715006,1.017134035150155,2.5159095798853883
2025-09-23,1331.2049560546875,,0,0,0.0347490893357156,0.0,0.0347490893357156,1.017134035150155,2.6033351466374084
2025-09-24,1331.2049560546875,,0,0,0.0,0.0,0.0,1.017134035150155,2.6033351466374084
2025-09-25,1311.336181640625,,0,0,-0.0149254059817715,-0.0,-0.0149254059817715,1.017134035150155,2.5644793126672303
2025-09-26,1291.4674072265625,,0,0,-0.0151515490018772,-0.0,-0.0151515490018772,1.017134035150155,2.525623478697052
2025-09-30,1296.4346923828125,,0,0,0.0038462334616071,0.0,0.0038462334616071,1.017134035150155,2.5353376162322374
2025-10-01,1316.3033447265625,,0,0,0.0153256098903307,0.0,0.0153256098903307,1.017134035150155,2.5741932114788937
2025-10-02,1356.0408935546875,,0,0,0.0301887471359267,0.0,0.0301887471359267,1.017134035150155,2.651904879419249
2025-10-03,1390.8111572265625,,0,0,0.0256410141000462,0.0,0.0256410141000462,1.017134035150155,2.71990240982442
2025-10-07,1425.5814208984375,,0,0,0.0249999890288563,0.0,0.0249999890288563,1.017134035150155,2.7878999402295905
2025-10-08,1405.7127685546875,,0,0,-0.0139372273322896,-0.0,-0.0139372273322896,1.017134035150155,2.749044344982934
2025-10-09,1430.5487060546875,,0,0,0.017667860786052,0.0,0.017667860786052,1.017134035150155,2.797614077764776
2025-10-13,1405.7127685546875,,0,0,-0.0173611268144061,-0.0,-0.0173611268144061,1.017134035150155,2.749044344982934
2025-10-14,1415.6470947265625,,0,0,0.0070671095789285,0.0,0.0070671095789285,1.017134035150155,2.768472142606262
2025-10-15,1455.3843994140625,,0,0,0.028070064096854,0.0,0.028070064096854,1.017134035150155,2.8461833330995745
2025-10-16,1475.2532958984375,,0,0,0.0136519922106999,0.0,0.0136519922106999,1.017134035150155,2.8850394057932736
2025-10-17,1440.48291015625,,0,0,-0.0235690954488002,-0.0,-0.0235690954488002,1.017134035150155,2.817041636664582
2025-10-20,1470.2861328125,,0,0,0.0206897440060689,0.0,0.0206897440060689,1.017134035150155,2.8753255069816097
2025-10-21,1470.2861328125,,0,0,0.0,0.0,0.0,1.017134035150155,2.8753255069816097
2025-10-22,1450.4173583984375,,0,0,-0.0135135426844131,-0.0,-0.0135135426844131,1.017134035150155,2.836469673011432
2025-10-23,1440.48291015625,,0,0,-0.0068493721373806,-0.0,-0.0068493721373806,1.017134035150155,2.8170416366645816
2025-10-27,1470.2861328125,,0,0,0.0206897440060689,0.0,0.0206897440060689,1.017134035150155,2.8753255069816093
2025-10-28,1465.31884765625,,0,0,-0.0033784479397545,-0.0,-0.0033784479397545,1.017134035150155,2.865611369446424
2025-10-29,1495.1219482421875,,0,0,0.0203389867219732,0.0,0.0203389867219732,1.017134035150155,2.92389500103993
2025-10-30,1495.1219482421875,,0,0,0.0,0.0,0.0,1.017134035150155,2.92389500103993
2025-10-31,1490.15478515625,,0,0,-0.0033222461162966,-0.0,-0.0033222461162966,1.017134035150155,2.914181102228266
2025-11-03,1500.0892333984375,,0,0,0.0066667223708212,0.0,0.0066667223708212,1.017134035150155,2.9336091385751155
2025-11-04,1495.1219482421875,,0,0,-0.003311326450225,-0.0,-0.003311326450225,1.017134035150155,2.92389500103993
2025-11-05,1450.4173583984375,,0,0,-0.0299002966923929,-0.0,-0.0299002966923929,1.017134035150155,2.836469673011432
2025-11-06,1455.3843994140625,,0,0,0.0034245598253936,0.0,0.0034245598253936,1.017134035150155,2.846183333099574
2025-11-07,1450.4173583984375,,0,0,-0.0034128722402306,-0.0,-0.0034128722402306,1.017134035150155,2.836469673011431
2025-11-10,1465.31884765625,,0,0,0.0102739319627744,0.0,0.0102739319627744,1.017134035150155,2.865611369446424
2025-11-11,1455.3843994140625,,0,0,-0.0067797177782006,-0.0,-0.0067797177782006,1.017134035150155,2.8461833330995736
2025-11-12,1465.31884765625,,0,0,0.00682599610535,0.0,0.00682599610535,1.017134035150155,2.865611369446424
2025-11-13,1450.4173583984375,,0,0,-0.0101694517078294,-0.0,-0.0101694517078294,1.017134035150155,2.836469673011431
2025-11-14,1420.6142578125,,0,0,-0.0205479480877465,-0.0,-0.0205479480877465,1.017134035150155,2.778186041417925
2025-11-17,1435.5157470703125,,0,0,0.0104894690278261,0.0,0.0104894690278261,1.017134035150155,2.807327737852917
2025-11-18,1395.7783203125,,0,0,-0.027681637654558,-0.0,-0.027681637654558,1.017134035150155,2.7296163086360825
2025-11-19,1385.8438720703125,,0,0,-0.0071174971681486,-0.0,-0.0071174971681486,1.017134035150155,2.7101882722892325
2025-11-20,1445.4501953125,,0,0,0.0430108502432828,0.0,0.0430108502432828,1.017134035150155,2.8267557741997664
2025-11-21,1375.90966796875,,0,0,-0.0481099435796995,-0.0,-0.0481099435796995,1.017134035150155,2.690760713389426
2025-11-24,1365.9752197265625,,0,0,-0.0072202765003124,-0.0,-0.0072202765003124,1.017134035150155,2.6713326770425763
2025-11-25,1405.7127685546875,,0,0,0.0290909734336759,0.0,0.0290909734336759,1.017134035150155,2.7490443449829325
2025-11-26,1430.5487060546875,,0,0,0.017667860786052,0.0,0.017667860786052,1.017134035150155,2.797614077764775
2025-11-27,1425.5814208984375,,0,0,-0.0034722936277711,-0.0,-0.0034722936277711,1.017134035150155,2.7878999402295896
2025-11-28,1430.5487060546875,,0,0,0.0034843924615119,0.0,0.0034843924615119,1.017134035150155,2.7976140777647758
2025-12-01,1400.7454833984375,,0,0,-0.0208334204421772,-0.0,-0.0208334204421772,1.017134035150155,2.739330207447748
2025-12-02,1420.6142578125,,0,0,0.0141844286842585,0.0,0.0141844286842585,1.017134035150155,2.7781860414179254
2025-12-03,1440.48291015625,,0,0,0.0139859587037682,0.0,0.0139859587037682,1.017134035150155,2.817041636664582
2025-12-04,1435.5157470703125,,0,0,-0.0034482624201342,-0.0,-0.0034482624201342,1.017134035150155,2.807327737852918
2025-12-05,1450.4173583984375,,0,0,0.0103806672678701,0.0,0.0103806672678701,1.017134035150155,2.836469673011432
2025-12-08,1485.1876220703125,,0,0,0.0239725920753379,0.0,0.0239725920753379,1.017134035150155,2.904467203416602
2025-12-09,1470.2861328125,,0,0,-0.0100334052320205,-0.0,-0.0100334052320205,1.017134035150155,2.8753255069816097
2025-12-10,1495.1219482421875,,0,0,0.0168918245744311,0.0,0.0168918245744311,1.017134035150155,2.9238950010399303
2025-12-11,1465.219482421875,,0,0,-0.020000017962059,-0.0,-0.020000017962059,1.017134035150155,2.865417048499957
2025-12-12,1475.18701171875,,0,0,0.0068027550933185,0.0,0.0068027550933185,1.017134035150155,2.8849097789211218
2025-12-15,1445.2845458984375,,0,0,-0.020270288161955,-0.0,-0.020270288161955,1.017134035150155,2.8264318263811483
2025-12-16,1430.3333740234375,,0,0,-0.010344794675505,-0.0,-0.010344794675505,1.017134035150155,2.7971929694729223
2025-12-17,1425.349609375,,0,0,-0.0034843378047024,-0.0,-0.0034843378047024,1.017134035150155,2.78744660426234
2025-12-18,1425.349609375,,0,0,0.0,0.0,0.0,1.017134035150155,2.78744660426234
2025-12-19,1425.349609375,,0,0,0.0,0.0,0.0,1.017134035150155,2.78744660426234
2025-12-22,1460.2357177734375,,0,0,0.0244754747670186,0.0,0.0244754747670186,1.017134035150155,2.8556706832893743
2025-12-23,1485.1544189453125,,0,0,0.0170648484135635,0.0,0.0170648484135635,1.017134035150155,2.904402270618765
2025-12-24,1490.13818359375,,0,0,0.0033557215228681,0.0,0.0033557215228681,1.017134035150155,2.914148635829348
2025-12-26,1505.0894775390625,,0,0,0.0100334949536389,0.0,0.0100334949536389,1.017134035150155,2.943387731461095
2025-12-29,1525.0244140625,,0,0,0.0132450175361218,0.0,0.0132450175361218,1.017134035150155,2.982372953579903
2025-12-30,1515.056884765625,,0,0,-0.0065359801488833,-0.0,-0.0065359801488833,1.017134035150155,2.962880223158738
2025-12-31,1544.9593505859375,,0,0,0.0197368601278218,0.0,0.0197368601278218,1.017134035150155,3.021358175698712
